first_name,last_name,date,doc_id,ticker,description
Auchincloss,Jake,8/21/2024,20025708,STT,"RSU distribution * For the complete list of asset type abbreviations, please visit https://fd."
Auchincloss,Jake,11/21/2024,20026246,STT,"RSU distribution * For the complete list of asset type abbreviations, please visit https://fd."
Blumenauer,Earl,1/4/2024,20024254,ALK,Part of my spouse's retirement portfolio.
Blumenauer,Earl,1/4/2024,20024254,DEO,Part of my spouse's retirement portfolio.
Blumenauer,Earl,3/2/2024,20024580,GOOGL,Part of my spouse's retirement portfolio.
Blumenauer,Earl,3/2/2024,20024580,AMZN,Part of my spouse's retirement portfolio.
Blumenauer,Earl,3/2/2024,20024580,PHG,Part of my spouse's retirement portfolio.
Blumenauer,Earl,3/2/2024,20024580,PFE,Part of my spouse's retirement portfolio.
Blumenauer,Earl,3/2/2024,20024580,QCOM,Part of my spouse's retirement portfolio.
Blumenauer,Earl,3/2/2024,20024580,UL,Part of my spouse's retirement portfolio.
Blumenauer,Earl,3/12/2024,20024671,NWN,Dividend reinvestment.
Blumenauer,Earl,5/4/2024,20024984,BX,Part of my spouse's retirement portfolio.
Blumenauer,Earl,5/4/2024,20024984,CAT,Part of my spouse's retirement portfolio.
Blumenauer,Earl,5/4/2024,20024984,ERJ,Part of my spouse's retirement portfolio.
Blumenauer,Earl,5/4/2024,20024984,KR,Part of my spouse's retirement portfolio.
Blumenauer,Earl,5/4/2024,20024984,MGA,Part of my spouse's retirement portfolio.
Blumenauer,Earl,5/4/2024,20024984,MCK,Part of my spouse's retirement portfolio.
Blumenauer,Earl,5/4/2024,20024984,NKE,Part of my spouse's retirement portfolio.
Blumenauer,Earl,5/4/2024,20024984,DGX,Part of my spouse's retirement portfolio.
Blumenauer,Earl,5/4/2024,20024984,RTX,Part of my spouse's retirement portfolio.
Blumenauer,Earl,5/4/2024,20024984,SO,Part of my spouse's retirement portfolio.
Blumenauer,Earl,5/4/2024,20024984,TEL,Part of my spouse's retirement portfolio.
Blumenauer,Earl,5/4/2024,20024984,V,Part of my spouse's retirement portfolio.
Blumenauer,Earl,5/4/2024,20024984,V,Part of my spouse's retirement portfolio.
Blumenauer,Earl,6/6/2024,20025219,NWN,Dividend reinvestment.
Blumenauer,Earl,7/6/2024,20025403,CVS,Part of my spouse's retirement portfolio.
Blumenauer,Earl,8/6/2024,20025603,BAX,Part of my spouse's retirement portfolio.
Blumenauer,Earl,8/6/2024,20025603,MDT,Part of my spouse's retirement portfolio.
Blumenauer,Earl,8/6/2024,20025603,WBD,Part of my spouse's retirement portfolio.
Blumenauer,Earl,9/6/2024,20025787,NWN,Dividend reinvestment.
Blumenauer,Earl,10/8/2024,20025970,VTR,Part of my spouse's retirement portfolio.
Blumenauer,Earl,10/8/2024,20025970,VTR,Part of my spouse's retirement portfolio.
Blumenauer,Earl,10/8/2024,20025970,VTR,Part of my spouse's retirement portfolio.
Blumenauer,Earl,12/7/2024,20026347,NWN,Dividend reinvestment.
Blumenauer,Earl,12/7/2024,20026347,NWN,Dividend reinvestment.
Blumenauer,Earl,12/7/2024,20026347,NWN,Dividend reinvestment.
Blumenauer,Earl,12/7/2024,20026347,NWN,Dividend reinvestment.
Burgess,Michael C.,3/7/2024,20024627,BBY,"The terms of the call are a strike price of $138, and an expiration of 03/08/2024."
Burgess,Michael C.,3/7/2024,20024627,ILMN,"The terms of the call are a strike price of $138, and an expiration of 03/08/2024."
Clark,Katherine M.,3/5/2024,20024588,Owner: JT,Transferred from Amerprise in September 2021.
DelBene,Suzan K.,3/8/2024,20024581,MSFT,Vested shares sold to separate trust not for the benefit of filer or spouse pursuant to forward contract dated 2/9/2022.
Duncan,Jeff,5/23/2024,20000788,JD,Tax Deferred Roll-over of IRA into TSP.
Duncan,Jeff,5/23/2024,20000788,JD,Tax Deferred Roll-over of IRA into TSP.
Duncan,Jeff,5/23/2024,20000788,JD,Tax Deferred Roll-over of IRA into TSP.
Franklin,C. Scott,8/20/2024,20025711,FFRHX,438.
Franklin,C. Scott,8/20/2024,20025711,FFRHX,438.
Franklin,C. Scott,8/20/2024,20025711,ONEQ,370 SHARES OF ONEQ @ $65.
Franklin,C. Scott,8/20/2024,20025711,FQAL,302 SHARES OF FQAL @ $59.
Franklin,C. Scott,8/20/2024,20025711,IJR,40 SHARES OF IJR @ $109.
Franklin,C. Scott,8/20/2024,20025711,IJR,40 SHARES OF IJR @ $109.
Franklin,C. Scott,8/20/2024,20025711,DGRO,275 SHARES OF DGRO @ $58.
Franklin,C. Scott,8/20/2024,20025711,LUBYX,660.
Gottheimer,Josh,6/8/2024,20025207,CLPBY,"Call options; Strike price $225; Expires 06/20/2025 C: Ref: 135P8W76 JT Microsoft Corporation - Common Stock (MSFT) [OP] P 05/14/202406/05/2024$1,000,001 - $5,000,000 F S: New S O: Morgan Stanley - Portfolio Management Active Assets Account D: Call options; Strike price $220; Expires 06/20/2025 C: Ref: 135P8W76 JT Microsoft Corporation - Common Stock (MSFT) [OP] S 05/14/202406/05/2024$1,000,001 - $5,000,000 F S: New S O: Morgan Stanley - Portfolio Management Active Assets Account D: Call options; Strike price $230; Expires 12/19/2025 JT Microsoft Corporation - Common Stock (MSFT) [OP] S 05/14/202406/05/2024$1,000,001 - $5,000,000 F S: New S O: Morgan Stanley - Portfolio Management Active Assets Account D: Call options; Strike price $225; Expires 12/19/2025 JT Monster Beverage Corporation - Common Stock (MNST) [ST] S 05/20/202406/05/2024$1,001 - $15,000 F S: New S O: Morgan Stanley - Select UMA Account # 1 JT Nintendo Co Ltd ADR (NTDOY) [ST] P 05/22/202406/05/2024$1,001 - $15,000 F S: New S O: Morgan Stanley - Select UMA Account # 1 JT Rapid7, Inc."
Jackson,Jonathan,9/20/2024,20025792,Owner: JT,"083057 I P O  Yes  No C  S  I CERTIFY that the statements I have made on the attached Periodic Transaction Report are true, complete, and correct to the best of my knowledge and belief."
Kean,Thomas H.,10/15/2024,20026021,AMTM,Holdings in J exchanged out for receipt of new holdings in J and AMTM through a corporate action.
Kean,Thomas H.,10/15/2024,20026021,J,Holdings in J exchanged out for receipt of new holdings in J and AMTM through a corporate action.
Kean,Thomas H.,10/15/2024,20026021,J,Holdings in J exchanged out for receipt of new holdings in J and AMTM through a corporate action.
Kelly,Mike,6/14/2024,20025280,T,Mutual Fund SP U.
Kelly,Mike,6/14/2024,20025280,CVX,Mutual Fund SP U.
Kelly,Mike,6/14/2024,20025280,CLF,Mutual Fund SP U.
Kelly,Mike,6/14/2024,20025280,EW,Mutual Fund SP U.
Kelly,Mike,6/14/2024,20025280,META,Mutual Fund SP U.
Kelly,Mike,6/14/2024,20025280,USB,"Mutual Fund SP Vanguard Mid Cap ETF [OT] S (partial) 04/11/202405/15/2024$15,001 - $50,000 F S: New L: US D: Mutual Fund SP Verizon Communications Inc."
Kelly,Mike,6/14/2024,20025280,USB,"Mutual Fund SP Vanguard Mid Cap ETF [OT] S (partial) 04/11/202405/15/2024$15,001 - $50,000 F S: New L: US D: Mutual Fund SP Verizon Communications Inc."
Kelly,Mike,6/14/2024,20025280,UNH,"Mutual Fund SP Vanguard Mid Cap ETF [OT] S (partial) 04/11/202405/15/2024$15,001 - $50,000 F S: New L: US D: Mutual Fund SP Verizon Communications Inc."
Kelly,Mike,6/14/2024,20025280,partial,Mutual Fund SP Verizon Communications Inc.
Kelly,Mike,6/14/2024,20025280,partial,Mutual Fund SP Verizon Communications Inc.
Kelly,Mike,8/13/2024,20025661,partial,"Revision of ownership - previous filing SP San Antonio TX Elec & Gas due 2/1/25 [GS] S 07/31/202408/06/2024$100,001 - $250,000 F S: New D: Revision of ownership - previous filing * For the complete list of asset type abbreviations, please visit https://fd."
Landsman,Greg,8/14/2024,20025622,ADBE,"ADR Stock JT Horizon Pharma [OT] S 02/01/202308/08/2024$1,001 - $15,000 F S: New S O: Rockefeller Capital Management (1) L: US D: ADR Stock SP Horizon Therapeutics Public Limited Company - Ordinary Shares (HZNP) [ST] S 02/03/202308/08/2024$1,001 - $15,000ID Owner Asset Transaction Type Date Notification Date Amount Cap."
Landsman,Greg,8/14/2024,20025622,ADBE,"ADR Stock JT Horizon Pharma [OT] S 02/01/202308/08/2024$1,001 - $15,000 F S: New S O: Rockefeller Capital Management (1) L: US D: ADR Stock SP Horizon Therapeutics Public Limited Company - Ordinary Shares (HZNP) [ST] S 02/03/202308/08/2024$1,001 - $15,000ID Owner Asset Transaction Type Date Notification Date Amount Cap."
Landsman,Greg,8/14/2024,20025622,GOOGL,"ADR Stock JT Horizon Pharma [OT] S 02/01/202308/08/2024$1,001 - $15,000 F S: New S O: Rockefeller Capital Management (1) L: US D: ADR Stock SP Horizon Therapeutics Public Limited Company - Ordinary Shares (HZNP) [ST] S 02/03/202308/08/2024$1,001 - $15,000ID Owner Asset Transaction Type Date Notification Date Amount Cap."
Landsman,Greg,8/14/2024,20025622,AMP,"ADR Stock JT Horizon Pharma [OT] S 02/01/202308/08/2024$1,001 - $15,000 F S: New S O: Rockefeller Capital Management (1) L: US D: ADR Stock SP Horizon Therapeutics Public Limited Company - Ordinary Shares (HZNP) [ST] S 02/03/202308/08/2024$1,001 - $15,000ID Owner Asset Transaction Type Date Notification Date Amount Cap."
Landsman,Greg,8/14/2024,20025622,AAPL,"ADR Stock JT Horizon Pharma [OT] S 02/01/202308/08/2024$1,001 - $15,000 F S: New S O: Rockefeller Capital Management (1) L: US D: ADR Stock SP Horizon Therapeutics Public Limited Company - Ordinary Shares (HZNP) [ST] S 02/03/202308/08/2024$1,001 - $15,000ID Owner Asset Transaction Type Date Notification Date Amount Cap."
Landsman,Greg,8/14/2024,20025622,AAPL,"ADR Stock JT Horizon Pharma [OT] S 02/01/202308/08/2024$1,001 - $15,000 F S: New S O: Rockefeller Capital Management (1) L: US D: ADR Stock SP Horizon Therapeutics Public Limited Company - Ordinary Shares (HZNP) [ST] S 02/03/202308/08/2024$1,001 - $15,000ID Owner Asset Transaction Type Date Notification Date Amount Cap."
Landsman,Greg,8/14/2024,20025622,BLK,"ADR Stock JT Horizon Pharma [OT] S 02/01/202308/08/2024$1,001 - $15,000 F S: New S O: Rockefeller Capital Management (1) L: US D: ADR Stock SP Horizon Therapeutics Public Limited Company - Ordinary Shares (HZNP) [ST] S 02/03/202308/08/2024$1,001 - $15,000ID Owner Asset Transaction Type Date Notification Date Amount Cap."
Landsman,Greg,8/14/2024,20025622,CDNS,"ADR Stock JT Horizon Pharma [OT] S 02/01/202308/08/2024$1,001 - $15,000 F S: New S O: Rockefeller Capital Management (1) L: US D: ADR Stock SP Horizon Therapeutics Public Limited Company - Ordinary Shares (HZNP) [ST] S 02/03/202308/08/2024$1,001 - $15,000ID Owner Asset Transaction Type Date Notification Date Amount Cap."
Landsman,Greg,8/14/2024,20025622,COR,"ADR Stock JT Horizon Pharma [OT] S 02/01/202308/08/2024$1,001 - $15,000 F S: New S O: Rockefeller Capital Management (1) L: US D: ADR Stock SP Horizon Therapeutics Public Limited Company - Ordinary Shares (HZNP) [ST] S 02/03/202308/08/2024$1,001 - $15,000ID Owner Asset Transaction Type Date Notification Date Amount Cap."
Landsman,Greg,8/14/2024,20025622,LNG,"ADR Stock JT Horizon Pharma [OT] S 02/01/202308/08/2024$1,001 - $15,000 F S: New S O: Rockefeller Capital Management (1) L: US D: ADR Stock SP Horizon Therapeutics Public Limited Company - Ordinary Shares (HZNP) [ST] S 02/03/202308/08/2024$1,001 - $15,000ID Owner Asset Transaction Type Date Notification Date Amount Cap."
Landsman,Greg,8/14/2024,20025622,COST,"ADR Stock JT Horizon Pharma [OT] S 02/01/202308/08/2024$1,001 - $15,000 F S: New S O: Rockefeller Capital Management (1) L: US D: ADR Stock SP Horizon Therapeutics Public Limited Company - Ordinary Shares (HZNP) [ST] S 02/03/202308/08/2024$1,001 - $15,000ID Owner Asset Transaction Type Date Notification Date Amount Cap."
Landsman,Greg,8/14/2024,20025622,CRWD,"ADR Stock JT Horizon Pharma [OT] S 02/01/202308/08/2024$1,001 - $15,000 F S: New S O: Rockefeller Capital Management (1) L: US D: ADR Stock SP Horizon Therapeutics Public Limited Company - Ordinary Shares (HZNP) [ST] S 02/03/202308/08/2024$1,001 - $15,000ID Owner Asset Transaction Type Date Notification Date Amount Cap."
Landsman,Greg,8/14/2024,20025622,EL,"ADR Stock JT Horizon Pharma [OT] S 02/01/202308/08/2024$1,001 - $15,000 F S: New S O: Rockefeller Capital Management (1) L: US D: ADR Stock SP Horizon Therapeutics Public Limited Company - Ordinary Shares (HZNP) [ST] S 02/03/202308/08/2024$1,001 - $15,000ID Owner Asset Transaction Type Date Notification Date Amount Cap."
Landsman,Greg,8/14/2024,20025622,XOM,"ADR Stock JT Horizon Pharma [OT] S 02/01/202308/08/2024$1,001 - $15,000 F S: New S O: Rockefeller Capital Management (1) L: US D: ADR Stock SP Horizon Therapeutics Public Limited Company - Ordinary Shares (HZNP) [ST] S 02/03/202308/08/2024$1,001 - $15,000ID Owner Asset Transaction Type Date Notification Date Amount Cap."
Larsen,Rick,1/19/2024,20024339,CL,"sale as part of quarterly portfolio rebalancing; Asset manager-initiated transaction The Hershey Company (HSY) [ST] S 01/09/202401/12/2024$1,001 - $15,000 F S: New S O: Richard R Larsen IRA > Rick Larsen IRA Ameriprise SPS Managed Account D: sale as part of quarterly portfolio rebalancing; Asset manager-initiated transaction Zoetis Inc."
Larsen,Rick,1/19/2024,20024339,HSY,sale as part of quarterly portfolio rebalancing; Asset manager-initiated transaction Zoetis Inc.
Larsen,Rick,1/19/2024,20024339,ZTS,"sale as part of quarterly portfolio rebalancing; Asset manager-initiated transaction * For the complete list of asset type abbreviations, please visit https://fd."
Larsen,Rick,4/10/2024,20024842,UPS,"part of a quarterly rebalancing of portfolio and conducted by asset manager without my control per contract * For the complete list of asset type abbreviations, please visit https://fd."
Latta,Robert E.,2/14/2024,20024505,FMAO,"dividend reinvestment * For the complete list of asset type abbreviations, please visit https://fd."
Latta,Robert E.,4/20/2024,20024901,FMAO,"dividend reinvestment C: dividend reinvestment * For the complete list of asset type abbreviations, please visit https://fd."
Latta,Robert E.,6/9/2024,20025238,FMAO,"Compensation * For the complete list of asset type abbreviations, please visit https://fd."
Latta,Robert E.,7/21/2024,20025507,FMAO,"dividend reinvestment C: dividend reinvestment * For the complete list of asset type abbreviations, please visit https://fd."
Latta,Robert E.,11/7/2024,20026165,FMAO,"Dividend reinvestment C: Dividend reinvestment * For the complete list of asset type abbreviations, please visit https://fd."
Lee,Laurel,9/14/2024,20025714,AAPL,Purchase to close 01/17/24 Calls SP JP Morgan Chase & Co.
Lee,Laurel,11/21/2024,20026063,AAPL,$215 Puts exp.
Lee,Laurel,11/21/2024,20026063,GEV,The Note SP holds in TuHURA Biosciences was converted as the result of a merger of the company with Kintara Therapeutics (KTRA).
Lee,Laurel,11/21/2024,20026063,PFE,The Note SP holds in TuHURA Biosciences was converted as the result of a merger of the company with Kintara Therapeutics (KTRA).
Lee,Laurel,11/21/2024,20026063,HURA,The Note SP holds in TuHURA Biosciences was converted as the result of a merger of the company with Kintara Therapeutics (KTRA).
Lee,Laurel Mrs,8/5/2024,20025546,AAPL,Sale of 25 Jan 2025 $230 Call contracts SP Apple Inc.
Lee,Laurel Mrs,8/5/2024,20025546,AAPL,"Purchase of 25 Jan 2025 $215 Put contracts * For the complete list of asset type abbreviations, please visit https://fd."
Manning,Kathy,1/12/2024,20024231,CFG,Hedge fund.
Manning,Kathy,1/12/2024,20024231,CFG,Hedge fund.
Manning,Kathy,1/12/2024,20024231,CFG,Hedge fund.
Manning,Kathy,1/12/2024,20024231,EL,Hedge fund.
Manning,Kathy,1/12/2024,20024231,EL,Hedge fund.
Manning,Kathy,1/12/2024,20024231,EL,Hedge fund.
Manning,Kathy,1/12/2024,20024231,MDT,Investment Company.
Manning,Kathy,1/12/2024,20024231,MDT,Investment Company.
Manning,Kathy,1/12/2024,20024231,MDT,Investment Company.
Manning,Kathy,1/12/2024,20024231,MDT,Investment Company.
Manning,Kathy,1/12/2024,20024231,PYPL,Investment Company.
Manning,Kathy,1/12/2024,20024231,PYPL,Investment Company.
Manning,Kathy,1/12/2024,20024231,PYPL,Investment Company.
Manning,Kathy,1/12/2024,20024231,PFE,Investment Company.
Manning,Kathy,1/12/2024,20024231,PFE,Investment Company.
Manning,Kathy,1/12/2024,20024231,PFE,Investment Company.
Manning,Kathy,1/12/2024,20024231,partial,Hedge fund.
Manning,Kathy,1/12/2024,20024231,partial,Hedge fund.
Manning,Kathy,2/6/2024,20024436,ABT,Hedge Fund.
Manning,Kathy,2/6/2024,20024436,ABT,Hedge Fund.
Manning,Kathy,2/6/2024,20024436,ABBV,Hedge Fund.
Manning,Kathy,2/6/2024,20024436,ACN,Hedge Fund.
Manning,Kathy,2/6/2024,20024436,ACN,Hedge Fund.
Manning,Kathy,2/6/2024,20024436,ACN,Hedge Fund.
Manning,Kathy,2/6/2024,20024436,ACN,Hedge Fund.
Manning,Kathy,2/6/2024,20024436,GOOGL,Hedge Fund.
Manning,Kathy,2/6/2024,20024436,GOOGL,Hedge Fund.
Manning,Kathy,2/6/2024,20024436,GOOGL,Hedge Fund.
Manning,Kathy,2/6/2024,20024436,GOOG,Hedge Fund.
Manning,Kathy,2/6/2024,20024436,GOOG,Hedge Fund.
Manning,Kathy,2/6/2024,20024436,AMGN,Hedge Fund.
Manning,Kathy,2/6/2024,20024436,AON,Hedge Fund.
Manning,Kathy,2/6/2024,20024436,AON,Hedge Fund.
Manning,Kathy,2/6/2024,20024436,AON,Hedge Fund.
Manning,Kathy,2/6/2024,20024436,AAPL,Hedge Fund.
Manning,Kathy,2/6/2024,20024436,AAPL,Hedge Fund.
Manning,Kathy,2/6/2024,20024436,AAPL,Hedge Fund.
Manning,Kathy,2/6/2024,20024436,CAT,Hedge Fund.
Manning,Kathy,2/6/2024,20024436,CAT,Hedge Fund.
Manning,Kathy,2/6/2024,20024436,CAT,Hedge Fund.
Manning,Kathy,2/6/2024,20024436,CB,Hedge Fund.
Manning,Kathy,2/6/2024,20024436,CFG,Hedge Fund.
Manning,Kathy,2/6/2024,20024436,CFG,Hedge Fund.
Manning,Kathy,2/6/2024,20024436,CFG,Hedge Fund.
Manning,Kathy,2/6/2024,20024436,CME,Hedge Fund.
Manning,Kathy,2/6/2024,20024436,COST,Hedge Fund.
Manning,Kathy,2/6/2024,20024436,COST,Hedge Fund.
Manning,Kathy,2/6/2024,20024436,COST,Hedge Fund.
Manning,Kathy,2/6/2024,20024436,partial,Hedge Fund.
Manning,Kathy,2/6/2024,20024436,GIS,Private Equity fund.
Manning,Kathy,2/6/2024,20024436,GIS,Private Equity fund.
Manning,Kathy,2/6/2024,20024436,GIS,Private Equity fund.
Manning,Kathy,2/6/2024,20024436,GIS,Private Equity fund.
Manning,Kathy,2/6/2024,20024436,INTU,Private Equity fund.
Manning,Kathy,2/6/2024,20024436,INTU,Private Equity fund.
Manning,Kathy,2/6/2024,20024436,INTU,Private Equity fund.
Manning,Kathy,2/6/2024,20024436,JNJ,Private Equity fund.
Manning,Kathy,2/6/2024,20024436,JPM,Private Equity fund.
Manning,Kathy,2/6/2024,20024436,JPM,Private Equity fund.
Manning,Kathy,2/6/2024,20024436,LRCX,Private Equity fund.
Manning,Kathy,2/6/2024,20024436,LRCX,Private Equity fund.
Manning,Kathy,2/6/2024,20024436,LRCX,Private Equity fund.
Manning,Kathy,2/6/2024,20024436,LMT,Private Equity fund.
Manning,Kathy,2/6/2024,20024436,LMT,Private Equity fund.
Manning,Kathy,2/6/2024,20024436,MA,Private Equity fund.
Manning,Kathy,2/6/2024,20024436,MA,Private Equity fund.
Manning,Kathy,2/6/2024,20024436,MA,Private Equity fund.
Manning,Kathy,2/6/2024,20024436,MDT,Private Equity fund.
Manning,Kathy,2/6/2024,20024436,MDT,Private Equity fund.
Manning,Kathy,2/6/2024,20024436,MDT,Private Equity fund.
Manning,Kathy,2/6/2024,20024436,MRK,Private Equity fund.
Manning,Kathy,2/6/2024,20024436,MRK,Private Equity fund.
Manning,Kathy,2/6/2024,20024436,MRK,Private Equity fund.
Manning,Kathy,2/6/2024,20024436,MU,Private Equity fund.
Manning,Kathy,2/6/2024,20024436,MU,Private Equity fund.
Manning,Kathy,2/6/2024,20024436,MU,Private Equity fund.
Manning,Kathy,2/6/2024,20024436,MSFT,Private Equity fund.
Manning,Kathy,2/6/2024,20024436,MSFT,Private Equity fund.
Manning,Kathy,2/6/2024,20024436,MSFT,Private Equity fund.
Manning,Kathy,2/6/2024,20024436,MSCI,Private Equity fund.
Manning,Kathy,2/6/2024,20024436,MSCI,Private Equity fund.
Manning,Kathy,2/6/2024,20024436,MSCI,Private Equity fund.
Manning,Kathy,2/6/2024,20024436,NKE,Private Equity fund.
Manning,Kathy,2/6/2024,20024436,NKE,Private Equity fund.
Manning,Kathy,2/6/2024,20024436,NKE,Private Equity fund.
Manning,Kathy,2/6/2024,20024436,PKG,Private Equity fund.
Manning,Kathy,2/6/2024,20024436,PG,Private Equity fund.
Manning,Kathy,2/6/2024,20024436,PG,Private Equity fund.
Manning,Kathy,2/6/2024,20024436,PG,Private Equity fund.
Manning,Kathy,2/6/2024,20024436,QCOM,Private Equity fund.
Manning,Kathy,2/6/2024,20024436,QCOM,Private Equity fund.
Manning,Kathy,2/6/2024,20024436,CRM,Private Equity fund.
Manning,Kathy,2/6/2024,20024436,CRM,Private Equity fund.
Manning,Kathy,2/6/2024,20024436,CRM,Private Equity fund.
Manning,Kathy,2/6/2024,20024436,partial,Hedge Fund.
Manning,Kathy,2/6/2024,20024436,partial,Hedge Fund.
Manning,Kathy,2/6/2024,20024436,partial,Hedge Fund.
Manning,Kathy,2/6/2024,20024436,partial,Hedge Fund.
Manning,Kathy,5/22/2024,20025112,partial,Hedge Fund.
Manning,Kathy,5/22/2024,20025112,partial,Hedge Fund.
Manning,Kathy,8/16/2024,20025679,ABT,Hedge Fund.
Manning,Kathy,8/16/2024,20025679,ABT,Hedge Fund.
Manning,Kathy,8/16/2024,20025679,ABBV,Hedge Fund.
Manning,Kathy,8/16/2024,20025679,ACN,Hedge Fund.
Manning,Kathy,8/16/2024,20025679,ACN,Hedge Fund.
Manning,Kathy,8/16/2024,20025679,APD,Hedge Fund.
Manning,Kathy,8/16/2024,20025679,APD,Hedge Fund.
Manning,Kathy,8/16/2024,20025679,GOOGL,Hedge Fund.
Manning,Kathy,8/16/2024,20025679,GOOGL,Hedge Fund.
Manning,Kathy,8/16/2024,20025679,GOOGL,Hedge Fund.
Manning,Kathy,8/16/2024,20025679,GOOG,Hedge Fund.
Manning,Kathy,8/16/2024,20025679,GOOG,Hedge Fund.
Manning,Kathy,8/16/2024,20025679,AMGN,Hedge Fund.
Manning,Kathy,8/16/2024,20025679,AON,Hedge Fund.
Manning,Kathy,8/16/2024,20025679,AON,Hedge Fund.
Manning,Kathy,8/16/2024,20025679,AON,Hedge Fund.
Manning,Kathy,8/16/2024,20025679,AAPL,Hedge Fund.
Manning,Kathy,8/16/2024,20025679,AAPL,Hedge Fund.
Manning,Kathy,8/16/2024,20025679,AAPL,Hedge Fund.
Manning,Kathy,8/16/2024,20025679,CAT,Hedge Fund.
Manning,Kathy,8/16/2024,20025679,CNC,Hedge Fund.
Manning,Kathy,8/16/2024,20025679,CNC,Hedge Fund.
Manning,Kathy,8/16/2024,20025679,CB,Hedge Fund.
Manning,Kathy,8/16/2024,20025679,CB,Hedge Fund.
Manning,Kathy,8/16/2024,20025679,CB,Hedge Fund.
Manning,Kathy,8/16/2024,20025679,CME,Hedge Fund.
Manning,Kathy,8/16/2024,20025679,CME,Hedge Fund.
Manning,Kathy,8/16/2024,20025679,COST,Hedge Fund.
Manning,Kathy,8/16/2024,20025679,EXPD,Hedge Fund.
Manning,Kathy,8/16/2024,20025679,GRMN,Hedge Fund.
Manning,Kathy,8/16/2024,20025679,GRMN,Hedge Fund.
Manning,Kathy,8/16/2024,20025679,GRMN,Hedge Fund.
Manning,Kathy,8/16/2024,20025679,HD,Hedge Fund.
Manning,Kathy,8/16/2024,20025679,HD,Hedge Fund.
Manning,Kathy,8/16/2024,20025679,HD,Hedge Fund.
Manning,Kathy,8/16/2024,20025679,INTU,Hedge Fund.
Manning,Kathy,8/16/2024,20025679,JNJ,Hedge Fund.
Manning,Kathy,8/16/2024,20025679,JNJ,Hedge Fund.
Manning,Kathy,8/16/2024,20025679,LRCX,Hedge Fund.
Manning,Kathy,8/16/2024,20025679,LMT,Hedge Fund.
Manning,Kathy,8/16/2024,20025679,LMT,Hedge Fund.
Manning,Kathy,8/16/2024,20025679,MA,Hedge Fund.
Manning,Kathy,8/16/2024,20025679,MA,Hedge Fund.
Manning,Kathy,8/16/2024,20025679,MDT,Hedge Fund.
Manning,Kathy,8/16/2024,20025679,MRK,Hedge Fund.
Manning,Kathy,8/16/2024,20025679,MICRD,Hedge Fund.
Manning,Kathy,8/16/2024,20025679,MSFT,Hedge Fund.
Manning,Kathy,8/16/2024,20025679,MSFT,Hedge Fund.
Manning,Kathy,8/16/2024,20025679,MSFT,Hedge Fund.
Manning,Kathy,8/16/2024,20025679,MSCI,Hedge Fund.
Manning,Kathy,8/16/2024,20025679,MSCI,Hedge Fund.
Manning,Kathy,8/16/2024,20025679,NKE,Hedge Fund.
Manning,Kathy,8/16/2024,20025679,NKE,Hedge Fund.
Manning,Kathy,8/16/2024,20025679,NKE,Hedge Fund.
Manning,Kathy,8/16/2024,20025679,NVDA,Hedge Fund.
Manning,Kathy,8/16/2024,20025679,NVDA,Hedge Fund.
Manning,Kathy,8/16/2024,20025679,NVDA,Hedge Fund.
Manning,Kathy,8/16/2024,20025679,PKG,Hedge Fund.
Manning,Kathy,8/16/2024,20025679,PG,Hedge Fund.
Manning,Kathy,8/16/2024,20025679,QCOM,Hedge Fund.
Manning,Kathy,8/16/2024,20025679,CRM,Hedge Fund.
Manning,Kathy,8/16/2024,20025679,CRM,Hedge Fund.
Manning,Kathy,8/16/2024,20025679,CRM,Hedge Fund.
Manning,Kathy,8/16/2024,20025679,partial,Hedge Fund.
Manning,Kathy,9/4/2024,20025770,PFE,Private Equity fund.
Manning,Kathy,11/5/2024,20026143,partial,Hedge Fund.
McGarvey,Morgan,12/10/2024,20026360,AMZN,Purchased without knowledge of filer or spouse.
McGarvey,Morgan,12/10/2024,20026360,SCHW,Purchased without knowledge of filer or spouse.
McGarvey,Morgan,12/10/2024,20026360,IBKR,Purchased without knowledge of filer or spouse.
McGarvey,Morgan,12/10/2024,20026360,MSFT,Purchased without knowledge of filer or spouse.
McGarvey,Morgan,12/10/2024,20026360,NVDA,Purchased without knowledge of filer or spouse.
McGarvey,Morgan,12/10/2024,20026360,NVDA,Purchased without knowledge of filer or spouse.
McGarvey,Morgan,12/10/2024,20026360,NVDA,Purchased without knowledge of filer or spouse.
McGarvey,Morgan,12/10/2024,20026360,SHEL,Purchased without knowledge of filer or spouse.
McGarvey,Morgan,12/10/2024,20026360,TSLA,Purchased without knowledge of filer or spouse.
McGarvey,Morgan,12/10/2024,20026360,DJT,Purchased without knowledge of filer or spouse.
McGarvey,Morgan,12/10/2024,20026360,DJT,"Sold for a loss * For the complete list of asset type abbreviations, please visit https://fd."
Moskowitz,Jared,12/9/2024,20026346,XLE,"ETF DC T-Mobile US, Inc."
Newhouse,Dan,4/25/2024,20024917,ACN,due 5/16/2038 06.
Newhouse,Dan,4/25/2024,20024917,ADI,due 5/16/2038 06.
Newhouse,Dan,4/25/2024,20024917,BAC$I,due 5/16/2038 06.
Newhouse,Dan,4/25/2024,20024917,BKNG,due 5/16/2038 06.
Newhouse,Dan,4/25/2024,20024917,AVGO,due 5/16/2038 06.
Newhouse,Dan,4/25/2024,20024917,CSX,due 5/16/2038 06.
Newhouse,Dan,4/25/2024,20024917,DHR,due 5/16/2038 06.
Newhouse,Dan,4/25/2024,20024917,DE,due 5/16/2038 06.
Newhouse,Dan,4/25/2024,20024917,DG,due 5/16/2038 06.
Newhouse,Dan,4/25/2024,20024917,ELV,due 5/16/2038 06.
Newhouse,Dan,4/25/2024,20024917,LLY,due 5/16/2038 06.
Newhouse,Dan,4/25/2024,20024917,EL,due 5/16/2038 06.
Newhouse,Dan,4/25/2024,20024917,FMC,due 5/16/2038 06.
Newhouse,Dan,4/25/2024,20024917,FTNT,due 5/16/2038 06.
Newhouse,Dan,4/25/2024,20024917,HON,due 5/16/2038 06.
Newhouse,Dan,4/25/2024,20024917,INTU,due 5/16/2038 06.
Newhouse,Dan,4/25/2024,20024917,MPC,due 5/16/2038 06.
Newhouse,Dan,4/25/2024,20024917,MSFT,due 5/16/2038 06.
Newhouse,Dan,4/25/2024,20024917,NFLX,due 5/16/2038 06.
Newhouse,Dan,4/25/2024,20024917,NKE,due 5/16/2038 06.
Newhouse,Dan,4/25/2024,20024917,NI,due 5/16/2038 06.
Newhouse,Dan,4/25/2024,20024917,NVDA,due 5/16/2038 06.
Newhouse,Dan,4/25/2024,20024917,PEP,due 5/16/2038 06.
Newhouse,Dan,4/25/2024,20024917,PG,"due 12/01/2045, 07."
Newhouse,Dan,4/25/2024,20024917,PG,"due 12/01/2045, 07."
Newhouse,Dan,4/25/2024,20024917,RTX,"due 12/01/2045, 07."
Newhouse,Dan,4/25/2024,20024917,CRM,"due 12/01/2045, 07."
Newhouse,Dan,4/25/2024,20024917,NOW,"due 12/01/2045, 07."
Newhouse,Dan,4/25/2024,20024917,HSY,"due 12/01/2045, 07."
Newhouse,Dan,4/25/2024,20024917,VFC,"due 12/01/2045, 07."
Pelosi,Nancy,2/23/2024,20024542,PANW,Purchased 50 call options with a strike price of $200 and an expiration date of 1/17/25.
Pelosi,Nancy,2/23/2024,20024542,PANW,Purchased 20 call options with a strike price of $200 and an expiration date of 1/17/25.
Pelosi,Nancy,7/2/2024,20025368,AVGO,Purchased 20 call options with a strike price of $800 and an expiration date of 6/20/25.
Pelosi,Nancy,7/2/2024,20025368,NVDA,"Purchased 10,000 shares."
Pelosi,Nancy,7/2/2024,20025368,TSLA,"Sold 2,500 shares."
Pelosi,Nancy,7/2/2024,20025368,V,"Sold 2,000 shares."
Pelosi,Nancy,7/30/2024,20025535,MSFT,"Sold 5,000 shares."
Pelosi,Nancy,7/30/2024,20025535,NVDA,"Purchased 10,000 shares."
Roy,Chip,4/11/2024,20024848,AESI,Sold part of holding.
Roy,Chip,4/11/2024,20024848,CVX,Sold entire holding.
Roy,Chip,4/11/2024,20024848,XOM,"Sold entire holding Kinder Morgan, Inc."
Sessions,Pete,1/24/2024,20024212,BABA,"45 shares loss ~$5500 SP American Tower Corporation (AMT) [ST] S 12/28/202312/29/2023$1,001 - $15,000 F S: New S O: Trust One D: sold loss 21."
Sessions,Pete,1/24/2024,20024212,AMT,sold loss 21.
Sessions,Pete,1/24/2024,20024212,CCI,Sale loss 45.
Sessions,Pete,2/29/2024,20024375,AAPL,"10 shares * For the complete list of asset type abbreviations, please visit https://fd."
Sessions,Pete,2/29/2024,20024375,COST,"10 shares * For the complete list of asset type abbreviations, please visit https://fd."
Sessions,Pete,2/29/2024,20024375,MSFT,"10 shares * For the complete list of asset type abbreviations, please visit https://fd."
Spanberger,Abigail,6/5/2024,20025205,LHX,"On 6/1/2021, spouse was granted a Restricted Unit Award of L3Harris Technologies, Inc common stock as part of his compensation pursuant to the provisions of the Harris Corporation 2015 Equity Incentive Plan ( see https://disclosures-clerk."
Spanberger,Abigail,6/6/2024,20025224,LHX,"On 6/1/2021, spouse was granted a Restricted Unit Award of L3Harris Technologies, Inc common stock as part of his compensation pursuant to the provisions of the Harris Corporation 2015 Equity Incentive Plan ( see https://disclosures-clerk."
Spartz,Victoria,2/15/2024,20024515,SPG,This transaction was made by Lilianna Spartz's minor Roth IRA.
Spartz,Victoria,2/15/2024,20024515,SPG,This transaction was made by Ingrid Spartz's minor Roth IRA.
Spartz,Victoria,2/15/2024,20024515,Owner: DC,"Charles Schwab bought TD Ameritrade Charles Schwab Roth IRA (Owner: SP) D: Charles Schwab bought TD Ameritrade I P O Filing ID #20024515 Yes  No C  S  I CERTIFY that the statements I have made on the attached Periodic Transaction Report are true, complete, and correct to the best of my knowledge and belief."
Spartz,Victoria,7/25/2024,20025519,SPG,This Transaction was made by Jason Spartz's Roth IRA.
Spartz,Victoria,7/25/2024,20025519,Owner: SP,"Charles Schwab bought TD Ameritrade I P O  Yes  No C  S  I CERTIFY that the statements I have made on the attached Periodic Transaction Report are true, complete, and correct to the best of my knowledge and belief."
Spartz,Victoria,11/4/2024,20026136,SPG,This transaction was made by Jason Spartz's Roth IRA.
Spartz,Victoria,11/4/2024,20026136,partial,This transaction was made by Jason Spartz's Roth IRA.
Steube,Greg,3/15/2024,20024660,SNV,Employee stock plan distribution.
Williams,Roger,6/12/2024,20025151,GOOG,"Purchase Bond SP Devon Energy Corporation Common Stock (DVN) [ST] S 05/13/202105/30/2024$1,001 - $15,000 F S: New S O: Edward Jones Brokerage Account 5612 SP Eli Lilly and Company Common Stock (LLY) [ST] P 06/30/202205/30/2024$1,001 - $15,000 F S: New S O: Edward Jones Brokerage Account 8214 SP GE Aerospace Common Stock (GE) [ST] S 02/27/201905/30/2024$1,001 - $15,000 F S: New S O: Edward Jones Brokerage Account 5612 SP Meta Platforms, Inc."
Abel,William,5/12/2024,10060658,CORRUPTED,CORRUPTED
Abolfazli,Maryam.,5/13/2024,10060479,CORRUPTED,CORRUPTED
Aboujaoude,Rock Adel,5/14/2024,10061019,CORRUPTED,CORRUPTED
Adams,Jennifer,5/30/2024,10062032,CORRUPTED,CORRUPTED
Adams,Sheryl L.,4/22/2024,7940,CORRUPTED,CORRUPTED
Addington,Jacob Tay,5/28/2024,7981,CORRUPTED,CORRUPTED
Addington,Jacob Tay,5/17/2024,30022163,CORRUPTED,CORRUPTED
Adolph,Kiley,7/18/2024,10058879,CORRUPTED,CORRUPTED
Adolph,Kiley,4/23/2024,30020859,CORRUPTED,CORRUPTED
Adolph,Kiley,6/18/2024,30022294,CORRUPTED,CORRUPTED
Agwan,Pervez S.,6/12/2024,10062230,CORRUPTED,CORRUPTED
Albertson-Corkery,Sarah Elaine,6/14/2024,10058815,CORRUPTED,CORRUPTED
Albertson-Corkery,Sarah Elaine,5/14/2024,30021396,CORRUPTED,CORRUPTED
Alexander,Myrtle Patricia,1/31/2024,8220122,CORRUPTED,CORRUPTED
Almonord,Valbrun,2/16/2024,10056790,CORRUPTED,CORRUPTED
Altekar,Girish,3/24/2024,10056916,CORRUPTED,CORRUPTED
Altman,Susan Copius,8/13/2024,10060014,CORRUPTED,CORRUPTED
Altman,Susan Copius,5/17/2024,30021861,CORRUPTED,CORRUPTED
Ammon,Christopher Robert,8/9/2024,10062682,CORRUPTED,CORRUPTED
Anderson,Derrick,8/8/2024,10058787,CORRUPTED,CORRUPTED
Anderson,Derrick,4/23/2024,30020842,CORRUPTED,CORRUPTED
Anderson,Diane,7/1/2024,10062384,CORRUPTED,CORRUPTED
Anderson,Diane,11/5/2024,8220679,CORRUPTED,CORRUPTED
Anderson,Diane,,8220678,CORRUPTED,CORRUPTED
Anderson,Elizabeth,5/24/2024,10061977,CORRUPTED,CORRUPTED
Andrews,Aliscia,5/19/2024,10061159,CORRUPTED,CORRUPTED
Andrews,Aliscia,5/17/2024,30021747,CORRUPTED,CORRUPTED
Andrews,Russ Albert,6/19/2024,10061630,CORRUPTED,CORRUPTED
Andrews,Russ Albert,5/17/2024,30022024,CORRUPTED,CORRUPTED
Ansari,Yassamin,8/13/2024,10060997,CORRUPTED,CORRUPTED
Ansari,Yassamin,5/17/2024,30021871,CORRUPTED,CORRUPTED
Antropov,Jayden,5/10/2024,40003638,CORRUPTED,CORRUPTED
Armendariz-Jackson,Irene,5/15/2024,10061443,CORRUPTED,CORRUPTED
Armey,Scott,,8220253,CORRUPTED,CORRUPTED
Armstead,Derek,6/21/2024,10062305,CORRUPTED,CORRUPTED
Ashby,Stephan Blake,6/18/2024,10062259,CORRUPTED,CORRUPTED
Atkins,Joey David,5/15/2024,8220326,CORRUPTED,CORRUPTED
Atkinson,James Fredrick,2/28/2024,10056839,CORRUPTED,CORRUPTED
Austin,Kyle Ray,3/7/2024,10056874,CORRUPTED,CORRUPTED
Avion,Orlondo,8/13/2024,10062771,CORRUPTED,CORRUPTED
Avlon,John,5/26/2024,10056881,CORRUPTED,CORRUPTED
Avlon,John,3/13/2024,30019623,CORRUPTED,CORRUPTED
Ayers,Avery Lamarr,9/16/2024,8220651,CORRUPTED,CORRUPTED
Baccam,Lanon,8/13/2024,10059198,CORRUPTED,CORRUPTED
Baccam,Lanon,4/30/2024,30020954,CORRUPTED,CORRUPTED
Bach,Kenneth James,4/20/2024,10057765,CORRUPTED,CORRUPTED
Backie,Robert,6/14/2024,10060401,CORRUPTED,CORRUPTED
Backie,Robert,5/14/2024,30021419,CORRUPTED,CORRUPTED
Baechler,Mary,6/3/2024,40003664,CORRUPTED,CORRUPTED
Baker,Arthur Radford,4/23/2024,10059065,CORRUPTED,CORRUPTED
Baker,Dennis,5/10/2024,10060536,CORRUPTED,CORRUPTED
Baker,Karen G. H.,5/15/2024,10061449,CORRUPTED,CORRUPTED
Balekian,Alex Arto,6/5/2024,10062108,CORRUPTED,CORRUPTED
Banweg,Chris,4/23/2024,10059052,CORRUPTED,CORRUPTED
Barca,Peter,7/24/2024,10062537,CORRUPTED,CORRUPTED
Barca,Peter,7/14/2024,10062449,CORRUPTED,CORRUPTED
Barca,Peter,5/8/2024,8220255,CORRUPTED,CORRUPTED
Barr,Callie,5/13/2024,10060921,CORRUPTED,CORRUPTED
Barrett,Thomas More,5/15/2024,10059519,CORRUPTED,CORRUPTED
Barry,Megan,5/4/2024,10059689,CORRUPTED,CORRUPTED
Barsoom,Raafat,3/1/2024,10056848,CORRUPTED,CORRUPTED
Baugh,Scott,4/26/2024,10058947,CORRUPTED,CORRUPTED
Baumgartner,Michael James,3/24/2024,10056877,CORRUPTED,CORRUPTED
Becker,Rick,2/21/2024,10056708,CORRUPTED,CORRUPTED
Bedell,Carl,5/15/2024,10061382,CORRUPTED,CORRUPTED
Begich,Nicholas,9/30/2024,10058876,CORRUPTED,CORRUPTED
Begich,Nicholas,5/14/2024,30021221,CORRUPTED,CORRUPTED
Bell,Wesley,6/21/2024,10062319,CORRUPTED,CORRUPTED
Belnome,Joseph,3/15/2024,10056845,CORRUPTED,CORRUPTED
Bennett,Jim,4/18/2024,10057697,CORRUPTED,CORRUPTED
Bennett-Wolcott,Barbara Louise,7/15/2024,10062439,CORRUPTED,CORRUPTED
Bergmann,Charlotte,5/16/2024,10061894,CORRUPTED,CORRUPTED
Bernstein,Joby,4/22/2024,7938,CORRUPTED,CORRUPTED
Berry,Rodney,3/4/2024,7923,CORRUPTED,CORRUPTED
Bhalla,Ravi,5/17/2024,30021897,CORRUPTED,CORRUPTED
Bhandari,Harry,8/8/2024,10062634,CORRUPTED,CORRUPTED
Biggs,Sheri,3/27/2024,10056896,CORRUPTED,CORRUPTED
Biggs,Sheri,2/21/2024,30019610,CORRUPTED,CORRUPTED
Billips,Nathan Euegene,7/9/2024,10062431,CORRUPTED,CORRUPTED
Bird,Rod,5/26/2024,10061748,CORRUPTED,CORRUPTED
Bird,Rod,5/17/2024,30022124,CORRUPTED,CORRUPTED
Bishop,Kevin Daniel,4/19/2024,10057496,CORRUPTED,CORRUPTED
Blair,Raymond J.,,8220198,CORRUPTED,CORRUPTED
Blair,Raymond J.,2/27/2024,30019617,CORRUPTED,CORRUPTED
Blalock,Clarence,4/6/2024,10056974,CORRUPTED,CORRUPTED
Blewett,David,2/5/2024,10056727,CORRUPTED,CORRUPTED
Blood,Carol,4/15/2024,10057341,CORRUPTED,CORRUPTED
Blood,Carol,2/27/2024,30019616,CORRUPTED,CORRUPTED
Bogner,Ken,3/24/2024,10056927,CORRUPTED,CORRUPTED
Bohan,Patrick,4/26/2024,10057692,CORRUPTED,CORRUPTED
Bohannan,Christina,8/13/2024,10060736,CORRUPTED,CORRUPTED
Bohannan,Christina,5/14/2024,30021575,CORRUPTED,CORRUPTED
Bohman,Rachel,8/23/2024,10056910,CORRUPTED,CORRUPTED
Bohman,Rachel,3/20/2024,30019626,CORRUPTED,CORRUPTED
Bondar,Paul,6/14/2024,8220512,CORRUPTED,CORRUPTED
Booras,John,5/19/2024,10060905,CORRUPTED,CORRUPTED
Boudreaux,Michael,4/5/2024,10056950,CORRUPTED,CORRUPTED
Bousbar,Sabrina,3/1/2024,10056834,CORRUPTED,CORRUPTED
Bowman,Bruce A.,5/2/2024,10059578,CORRUPTED,CORRUPTED
Bowman,John,4/19/2024,7934,CORRUPTED,CORRUPTED
Bowman,Thomas William,5/10/2024,40003639,CORRUPTED,CORRUPTED
Boyd,Stephen,5/15/2024,10061379,CORRUPTED,CORRUPTED
Boyda,Nancy E.,7/3/2024,10062369,CORRUPTED,CORRUPTED
Boysko,Jennifer,5/16/2024,10060346,CORRUPTED,CORRUPTED
Braunston,Peter Alan,5/14/2024,10060591,CORRUPTED,CORRUPTED
Breslin,Karen R.,5/13/2024,7964,CORRUPTED,CORRUPTED
Bresnahan,Rob,8/13/2024,10057745,CORRUPTED,CORRUPTED
Bresnahan,Rob,4/30/2024,30020918,CORRUPTED,CORRUPTED
Briody,Patrick James,5/11/2024,10059269,CORRUPTED,CORRUPTED
Bristow,Nigel William,6/15/2024,10062283,CORRUPTED,CORRUPTED
Broderick,Victoria,9/25/2024,10062971,CORRUPTED,CORRUPTED
Bronke,James Victor,9/6/2024,10062878,CORRUPTED,CORRUPTED
Bronke,James Victor,9/3/2024,10062877,CORRUPTED,CORRUPTED
Brown,Leigh,4/23/2024,30019829,CORRUPTED,CORRUPTED
Brown,Michael A.,9/15/2024,10061356,CORRUPTED,CORRUPTED
Brown,Michael A.,5/17/2024,30021876,CORRUPTED,CORRUPTED
Bucco,Carmen,3/27/2024,10056934,CORRUPTED,CORRUPTED
Buck,Kenneth R.,6/19/2024,10056983,CORRUPTED,CORRUPTED
Buck,Kenneth R.,4/8/2024,30019636,CORRUPTED,CORRUPTED
Buckhout,Laurie,5/14/2024,10059953,CORRUPTED,CORRUPTED
Burnett,Debby,5/20/2024,7978,CORRUPTED,CORRUPTED
Busch,Emily,5/17/2024,30022154,CORRUPTED,CORRUPTED
Buskirk,Paul,5/12/2024,10060629,CORRUPTED,CORRUPTED
Butierez,Daniel,4/19/2024,10058788,CORRUPTED,CORRUPTED
Bynum,Janelle,8/13/2024,10060959,CORRUPTED,CORRUPTED
Bynum,Janelle,5/17/2024,30021662,CORRUPTED,CORRUPTED
Calvarese,Trisha,5/15/2024,10061127,CORRUPTED,CORRUPTED
Camp,Lori Ann,4/6/2024,10056857,CORRUPTED,CORRUPTED
Campbell,Bill,4/1/2024,10056952,CORRUPTED,CORRUPTED
Cantrell,George Allen,3/30/2024,10056947,CORRUPTED,CORRUPTED
Carrier,Jamison,4/7/2024,10056837,CORRUPTED,CORRUPTED
Carris,Jim,8/7/2024,10062641,CORRUPTED,CORRUPTED
Carris,Jim,5/15/2024,8220335,CORRUPTED,CORRUPTED
Casey,Michael Arthur,4/29/2024,7950,CORRUPTED,CORRUPTED
Castillo,Jose,5/17/2024,30022169,CORRUPTED,CORRUPTED
Castro,Dustin,2/1/2024,7917,CORRUPTED,CORRUPTED
Catala,Ryan Joshua,4/19/2024,7933,CORRUPTED,CORRUPTED
Centonze,Lana,5/5/2024,10059791,CORRUPTED,CORRUPTED
Cerezo Swaffar,Darlene,7/31/2024,10061625,CORRUPTED,CORRUPTED
Cerezo Swaffar,Darlene,5/17/2024,30022012,CORRUPTED,CORRUPTED
Chalifoux,Thomas E.,7/11/2024,10060503,CORRUPTED,CORRUPTED
Chalifoux,Thomas E.,5/14/2024,30021480,CORRUPTED,CORRUPTED
Chappelle-Nadal,Maria Ms,6/26/2024,8220531,CORRUPTED,CORRUPTED
Chappelle-Nadal,Maria Ms,5/17/2024,30022178,CORRUPTED,CORRUPTED
Chappelle-Nadal,Maria Ms,6/18/2024,30022313,CORRUPTED,CORRUPTED
Chaudhry,Melissa,7/3/2024,10061008,CORRUPTED,CORRUPTED
Chaudhry,Melissa,5/17/2024,30021680,CORRUPTED,CORRUPTED
Chaudhry-Ahmad,Jamil O.,4/14/2024,10057006,CORRUPTED,CORRUPTED
Chen,Anita S.,8/11/2024,10059962,CORRUPTED,CORRUPTED
Chen,Anita S.,5/14/2024,30021199,CORRUPTED,CORRUPTED
Cheng,Austin Franklin,4/24/2024,7946,CORRUPTED,CORRUPTED
Cherny,Andrei,4/23/2024,30019824,CORRUPTED,CORRUPTED
Choharis,Peter Charles,4/14/2024,10056997,CORRUPTED,CORRUPTED
Chowdhury,Mohammed Mohiuddin,5/15/2024,10061385,CORRUPTED,CORRUPTED
Christian,Jerrad Shane,4/18/2024,10057696,CORRUPTED,CORRUPTED
Chu,Weiming David,4/19/2024,7935,CORRUPTED,CORRUPTED
Cisneros,Gilbert,7/31/2024,10057757,CORRUPTED,CORRUPTED
Cisneros,Gilbert,4/23/2024,30019836,CORRUPTED,CORRUPTED
Clahchischilliage,Sharon E.,6/1/2024,10061837,CORRUPTED,CORRUPTED
Clahchischilliage,Sharon E.,5/17/2024,30022173,CORRUPTED,CORRUPTED
Clancy,Mike,5/16/2024,10061854,CORRUPTED,CORRUPTED
Clatterbuck,Thomas,5/2/2024,7953,CORRUPTED,CORRUPTED
Cleveland,Scott,2/6/2024,10056732,CORRUPTED,CORRUPTED
Coester,C. Mark,5/10/2024,10060476,CORRUPTED,CORRUPTED
Cohen,Seth Alan,6/21/2024,10062332,CORRUPTED,CORRUPTED
Cohn,Joseph,3/28/2024,10056902,CORRUPTED,CORRUPTED
Cohn,Joseph,2/21/2024,30019609,CORRUPTED,CORRUPTED
Coleman,Octavia,2/5/2024,40003599,CORRUPTED,CORRUPTED
Collier,Matt,7/5/2024,10062399,CORRUPTED,CORRUPTED
Collier,Matt,5/15/2024,8220339,CORRUPTED,CORRUPTED
Compton,William Dakota,4/18/2024,10057759,CORRUPTED,CORRUPTED
Conaway,Herb,5/15/2024,10061839,CORRUPTED,CORRUPTED
Conforti,Niki,5/13/2024,10060691,CORRUPTED,CORRUPTED
Conroy,Carmela,10/24/2024,10063055,CORRUPTED,CORRUPTED
Cook,Vaughn R.,5/14/2024,10061335,CORRUPTED,CORRUPTED
Cooke,Rebecca,8/12/2024,10062721,CORRUPTED,CORRUPTED
Cooper,David Charles,4/30/2024,7952,CORRUPTED,CORRUPTED
Cooper,Kelly,5/15/2024,10060928,CORRUPTED,CORRUPTED
Cooper,Kelly,5/17/2024,30021651,CORRUPTED,CORRUPTED
Cooper,Terri Kay,5/11/2024,10060596,CORRUPTED,CORRUPTED
Coplen,Rick,5/14/2024,7967,CORRUPTED,CORRUPTED
Corsetti,Todd Alan,3/21/2024,40003616,CORRUPTED,CORRUPTED
Corvi,Steven J.,4/25/2024,10059152,CORRUPTED,CORRUPTED
Corvi,Steven J.,4/25/2024,10056993,CORRUPTED,CORRUPTED
Cotter Smasal,Missy,5/12/2024,10060625,CORRUPTED,CORRUPTED
Coughlin,Kevin,8/12/2024,10060610,CORRUPTED,CORRUPTED
Coughlin,Kevin,5/14/2024,30021516,CORRUPTED,CORRUPTED
Cox,Amy,5/12/2024,10060627,CORRUPTED,CORRUPTED
Crabb,Vincent Darrell,2/5/2024,10056719,CORRUPTED,CORRUPTED
Craighill-Middleton,Anduin Elim,5/17/2024,30022121,CORRUPTED,CORRUPTED
Crandall,Terry Lawrence,2/8/2024,10056748,CORRUPTED,CORRUPTED
Crane,Elenore Casey,6/26/2024,30022334,CORRUPTED,CORRUPTED
Crane,Mike,2/9/2024,10056756,CORRUPTED,CORRUPTED
Crank,Jeff,5/13/2024,10060579,CORRUPTED,CORRUPTED
Craven,Michael Andrew,4/17/2024,8220215,CORRUPTED,CORRUPTED
Criswell,Jefferson Edward,5/20/2024,10060096,CORRUPTED,CORRUPTED
Crnkovich,Karen,5/20/2024,10061932,CORRUPTED,CORRUPTED
Cruz,Ginger,7/1/2024,10057009,CORRUPTED,CORRUPTED
Cruz,Ginger,5/14/2024,30021425,CORRUPTED,CORRUPTED
Cruz,Jerico Matias,5/15/2024,10061518,CORRUPTED,CORRUPTED
Cruz,Jerico Matias,5/17/2024,30021943,CORRUPTED,CORRUPTED
Cruz,Kimberly,5/28/2024,7983,CORRUPTED,CORRUPTED
Cuddy,Dave,1/31/2024,8220148,CORRUPTED,CORRUPTED
Cunningham,Candace L.,1/16/2024,40003584,CORRUPTED,CORRUPTED
Currey-Marsella,Renee Antoinette,5/14/2024,10058808,CORRUPTED,CORRUPTED
Dacosta Fasciglione,Joy,6/6/2024,7985,CORRUPTED,CORRUPTED
Dahan,Liz,6/27/2024,10058998,CORRUPTED,CORRUPTED
Dahan,Liz,5/8/2024,30021135,CORRUPTED,CORRUPTED
Dahlin,Kathryn W.,3/27/2024,10056930,CORRUPTED,CORRUPTED
Dahlstrom,Nancy,4/30/2024,10059429,CORRUPTED,CORRUPTED
Dansel,Brian,7/16/2024,10062477,CORRUPTED,CORRUPTED
Daughtry,Kelly,2/2/2024,8220124,CORRUPTED,CORRUPTED
Davey,Michael,7/20/2024,10062451,CORRUPTED,CORRUPTED
Davey,Michael,5/15/2024,8220344,CORRUPTED,CORRUPTED
Davey,Michael,7/16/2024,30022385,CORRUPTED,CORRUPTED
Davie,Matthew,2/27/2024,10056831,CORRUPTED,CORRUPTED
Davis,Devin Charles,8/26/2024,10062819,CORRUPTED,CORRUPTED
Davis,Lawrence John,4/3/2024,10056961,CORRUPTED,CORRUPTED
Davis,Thomas Eugene,7/1/2024,10062376,CORRUPTED,CORRUPTED
Davis,Thomas Eugene,6/30/2024,10060974,CORRUPTED,CORRUPTED
Davis,Thomas Eugene,5/17/2024,30021669,CORRUPTED,CORRUPTED
Daza-Fernandez,Antonio Miguel,5/15/2024,10060242,CORRUPTED,CORRUPTED
De Franceschi,Vladimir,2/4/2024,10056698,CORRUPTED,CORRUPTED
De Franceschi,Vladimir,2/9/2024,8220138,CORRUPTED,CORRUPTED
Deford,William Mac,5/15/2024,10061611,CORRUPTED,CORRUPTED
Delaney,April McClain,5/14/2024,30021222,CORRUPTED,CORRUPTED
Dellinger,Marcus,7/27/2024,10062554,CORRUPTED,CORRUPTED
Denton,Jake,5/19/2024,10056774,CORRUPTED,CORRUPTED
Denton,Jake,2/21/2024,30019605,CORRUPTED,CORRUPTED
DeSpain,Monique,9/11/2024,10062900,CORRUPTED,CORRUPTED
DeSpain,Monique,5/2/2024,10057767,CORRUPTED,CORRUPTED
Deters,Eric,3/5/2024,10056867,CORRUPTED,CORRUPTED
Deters,Eric,2/7/2024,30019583,CORRUPTED,CORRUPTED
Devoe,Marion,3/26/2024,10056935,CORRUPTED,CORRUPTED
Devoe,Marion,4/14/2024,10057008,CORRUPTED,CORRUPTED
Devoe,Marion,1/28/2024,10056670,CORRUPTED,CORRUPTED
Devoe,Marion,2/1/2024,8220153,CORRUPTED,CORRUPTED
Dexter,Maxine,8/10/2024,10061606,CORRUPTED,CORRUPTED
Dexter,Maxine,5/17/2024,30022005,CORRUPTED,CORRUPTED
Dickson,Gary A.,5/15/2024,10061396,CORRUPTED,CORRUPTED
Diehl,Abigdail,4/12/2024,8220216,CORRUPTED,CORRUPTED
Dimmock,Aaron,5/13/2024,10060703,CORRUPTED,CORRUPTED
Dixon,Peter,4/23/2024,7941,CORRUPTED,CORRUPTED
Dobson,Caroleene,8/13/2024,10060576,CORRUPTED,CORRUPTED
Dobson,Caroleene,5/14/2024,30021507,CORRUPTED,CORRUPTED
Doherty,Alexandra Jane,5/14/2024,8220321,CORRUPTED,CORRUPTED
Donalds,Byron,11/8/2024,8220682,CORRUPTED,CORRUPTED
Donnelly,Ryan,5/1/2024,10059489,CORRUPTED,CORRUPTED
Donnelly,Ryan,,8220308,CORRUPTED,CORRUPTED
Dorris,Clint,4/18/2024,7932,CORRUPTED,CORRUPTED
Dougall,John,3/21/2024,10056759,CORRUPTED,CORRUPTED
Douglass,Eugene Farley,4/18/2024,10057739,CORRUPTED,CORRUPTED
Downing,Troy,5/14/2024,10060588,CORRUPTED,CORRUPTED
Draves,Mary Frances,6/14/2024,10059957,CORRUPTED,CORRUPTED
Draves,Mary Frances,5/17/2024,30021673,CORRUPTED,CORRUPTED
Dudley,Stephen Paul,2/13/2024,10056772,CORRUPTED,CORRUPTED
Duncan,Jeff,6/18/2024,8220520,CORRUPTED,CORRUPTED
Dunlap,Harry William,5/11/2024,10056865,CORRUPTED,CORRUPTED
Dunn,Harry,4/13/2024,10056829,CORRUPTED,CORRUPTED
Dunn,Maria,10/3/2024,10063000,CORRUPTED,CORRUPTED
Dunn,Maria,10/2/2024,10062995,CORRUPTED,CORRUPTED
Edwards,Amanda,4/18/2024,7929,CORRUPTED,CORRUPTED
Edwards,Dana Phillip,7/30/2024,10062562,CORRUPTED,CORRUPTED
Edwards,Dana Phillip,5/15/2024,8220351,CORRUPTED,CORRUPTED
Ehasz,Ashley,4/30/2024,10059070,CORRUPTED,CORRUPTED
Ehr,Phil Charles,6/17/2024,10061824,CORRUPTED,CORRUPTED
Ehr,Phillip Charles,5/17/2024,30022167,CORRUPTED,CORRUPTED
Ekpete Kama,Uloma,6/10/2024,10062183,CORRUPTED,CORRUPTED
Ekpete Kama,Uloma,6/11/2024,10062185,CORRUPTED,CORRUPTED
Ekpete Kama,Uloma,7/9/2024,10062210,CORRUPTED,CORRUPTED
Ekpete Kama,Uloma,8/4/2024,10062610,CORRUPTED,CORRUPTED
Ekpete Kama,Uloma,6/10/2024,10062182,CORRUPTED,CORRUPTED
Ekpete Kama,Uloma Keysha,3/22/2024,10056920,CORRUPTED,CORRUPTED
Elfreth,Sarah Kelly,6/14/2024,10062279,CORRUPTED,CORRUPTED
Eller,Charles ivey,1/29/2024,10056678,CORRUPTED,CORRUPTED
Engel,Kirsten,8/9/2024,10059185,CORRUPTED,CORRUPTED
Engel,Kirsten,4/30/2024,30020948,CORRUPTED,CORRUPTED
Engling,Max,5/17/2024,30021737,CORRUPTED,CORRUPTED
Enoch,Vanessa,10/31/2024,10063073,CORRUPTED,CORRUPTED
Enoch,Vanessa,10/31/2024,10063072,CORRUPTED,CORRUPTED
Erickson,Mike,4/3/2024,10056818,CORRUPTED,CORRUPTED
Esposito,Alison,5/11/2024,10060573,CORRUPTED,CORRUPTED
Estrada,Rafael,5/6/2024,7955,CORRUPTED,CORRUPTED
Etchison,Shelane,5/17/2024,30022164,CORRUPTED,CORRUPTED
Evans,Jerry,5/15/2024,10061410,CORRUPTED,CORRUPTED
Evans,Richard,8/13/2024,10062784,CORRUPTED,CORRUPTED
Evans,Timothy Gabriel Joseph,5/10/2024,10060509,CORRUPTED,CORRUPTED
Fallick-Wang,Katrina,1/23/2024,40003591,CORRUPTED,CORRUPTED
Faparusi,Yomi Fapas,6/9/2024,10062167,CORRUPTED,CORRUPTED
Farber,Stuart,5/17/2024,7977,CORRUPTED,CORRUPTED
Farber,Stuart Dr,5/10/2024,7959,CORRUPTED,CORRUPTED
Farnham,Elizabeth Rhoads,5/6/2024,10057760,CORRUPTED,CORRUPTED
Fedorchak,Julie,5/12/2024,10056853,CORRUPTED,CORRUPTED
Fegler,Scott Michael,5/3/2024,10056962,CORRUPTED,CORRUPTED
Ferguson,Rodney Stuart,4/5/2024,10056959,CORRUPTED,CORRUPTED
Fernandez,Hilsia Tatiana,5/6/2024,10059854,CORRUPTED,CORRUPTED
Fields,Cleo,8/13/2024,10060316,CORRUPTED,CORRUPTED
Fields,Cleo,5/17/2024,30021885,CORRUPTED,CORRUPTED
Figures,Shomari C.,5/16/2024,10061872,CORRUPTED,CORRUPTED
Filler,Peter Steven,5/14/2024,10061263,CORRUPTED,CORRUPTED
Filler-Corn,Eileen,5/14/2024,30021412,CORRUPTED,CORRUPTED
Finzer,Rylan Zachary,3/5/2024,10056868,CORRUPTED,CORRUPTED
Fleischmann,"Charles J. ""Chuck""",2/9/2024,8220147,CORRUPTED,CORRUPTED
Fleischmann,"Charles J. ""Chuck""",5/15/2024,8220317,CORRUPTED,CORRUPTED
Fleischmann,"Charles J. ""Chuck""",8/16/2024,8220617,CORRUPTED,CORRUPTED
Fleischmann,"Charles J. ""Chuck""",11/12/2024,8220683,CORRUPTED,CORRUPTED
Flora,Deborah,8/13/2024,10059153,CORRUPTED,CORRUPTED
Flora,Deborah,4/30/2024,30020957,CORRUPTED,CORRUPTED
Flora,John,6/12/2024,40003669,CORRUPTED,CORRUPTED
Flores,Mayra Nohemi,8/6/2024,10059585,CORRUPTED,CORRUPTED
Flores,Mayra Nohemi,5/8/2024,30021082,CORRUPTED,CORRUPTED
Focht,Cyril Jason,5/13/2024,10060214,CORRUPTED,CORRUPTED
Fong,Vince,4/30/2024,30020884,CORRUPTED,CORRUPTED
Fore,Jessica Allison,5/15/2024,10057717,CORRUPTED,CORRUPTED
Forte,Tina,5/6/2024,10059921,CORRUPTED,CORRUPTED
Fox,Whitney,8/13/2024,10062748,CORRUPTED,CORRUPTED
Frangie,Charles,5/26/2024,10061980,CORRUPTED,CORRUPTED
Franks,Trent,6/15/2024,8220513,CORRUPTED,CORRUPTED
Franz,Hilary,5/15/2024,10060601,CORRUPTED,CORRUPTED
Franzese,Daniel John,6/9/2024,10062168,CORRUPTED,CORRUPTED
Franzese,Daniel John,6/8/2024,10060159,CORRUPTED,CORRUPTED
Franzese,Daniel John,5/14/2024,30021299,CORRUPTED,CORRUPTED
Frascone,Anthony,5/14/2024,8220323,CORRUPTED,CORRUPTED
Fratto,John Robert,6/17/2024,8220514,CORRUPTED,CORRUPTED
Fratto,Mario,5/15/2024,10061568,CORRUPTED,CORRUPTED
Freeman,Sarah,9/22/2024,10062948,CORRUPTED,CORRUPTED
Freeman,Sean,5/12/2024,10060664,CORRUPTED,CORRUPTED
Friedman,Laura,8/6/2024,10059948,CORRUPTED,CORRUPTED
Friedman,Laura,5/14/2024,30021196,CORRUPTED,CORRUPTED
Frisch,Adam,7/31/2024,10057720,CORRUPTED,CORRUPTED
Frisch,Adam,4/23/2024,30019828,CORRUPTED,CORRUPTED
Fulton,Seth,5/23/2024,7980,CORRUPTED,CORRUPTED
Furman,Jay Commander,5/15/2024,8220358,CORRUPTED,CORRUPTED
Galan-Woods,Marlene,6/29/2024,10059057,CORRUPTED,CORRUPTED
Galan-Woods,Marlene,4/30/2024,30020903,CORRUPTED,CORRUPTED
Gallagher,Michael John,8/22/2024,10059196,CORRUPTED,CORRUPTED
Gallagher,Michael John,4/26/2024,30020952,CORRUPTED,CORRUPTED
Garza,Mauro Everett,5/14/2024,10061162,CORRUPTED,CORRUPTED
Gaughran,James F.,5/13/2024,7960,CORRUPTED,CORRUPTED
Gaynor,Michael Gregory William,9/27/2024,10062979,CORRUPTED,CORRUPTED
Gaynor,Michael Gregory William,10/10/2024,10063019,CORRUPTED,CORRUPTED
Gehrig,Sebastian Kenneth,5/16/2024,40003654,CORRUPTED,CORRUPTED
Genant,Pamela,5/16/2024,10061876,CORRUPTED,CORRUPTED
George,Kimberly,6/30/2024,10061390,CORRUPTED,CORRUPTED
George,Kimberly,5/17/2024,30021924,CORRUPTED,CORRUPTED
Ghanim,Ahmed,7/3/2024,10062393,CORRUPTED,CORRUPTED
Ghanim,Ahmed,7/2/2024,10062073,CORRUPTED,CORRUPTED
Ghanim,Ahmed,5/31/2024,8220501,CORRUPTED,CORRUPTED
Ghanim,Ahmed,6/3/2024,40003663,CORRUPTED,CORRUPTED
Ghanim,Ahmed,6/12/2024,30022274,CORRUPTED,CORRUPTED
Giles,David Victor,5/11/2024,10060594,CORRUPTED,CORRUPTED
Gill,Brandon,8/13/2024,10060716,CORRUPTED,CORRUPTED
Gill,Brandon,5/14/2024,30021563,CORRUPTED,CORRUPTED
Gillan,Dennis Martin,4/10/2024,7925,CORRUPTED,CORRUPTED
Gillen,Laura,6/13/2024,10059315,CORRUPTED,CORRUPTED
Gillen,Laura,4/30/2024,30020989,CORRUPTED,CORRUPTED
Godfrey,Darryl,6/17/2024,10062271,CORRUPTED,CORRUPTED
Goldman,Craig,5/15/2024,10061257,CORRUPTED,CORRUPTED
Goldman,Craig,5/17/2024,30021808,CORRUPTED,CORRUPTED
Gomes,Joseph,5/7/2024,8220319,CORRUPTED,CORRUPTED
Gonzalez,Diego Antonio,11/13/2024,10063104,CORRUPTED,CORRUPTED
Gonzalez Colon,Jenniffer,6/18/2024,8220521,CORRUPTED,CORRUPTED
Goodlander,Maggie,9/3/2024,10062866,CORRUPTED,CORRUPTED
Goodlander,Maggie,8/12/2024,10061242,CORRUPTED,CORRUPTED
Goodlander,Maggie,5/17/2024,30021802,CORRUPTED,CORRUPTED
Goroff,Nancy,4/30/2024,30020919,CORRUPTED,CORRUPTED
Gowett,Christopher James,5/6/2024,10059809,CORRUPTED,CORRUPTED
Granado,Joseph L.,,8220502,CORRUPTED,CORRUPTED
Grandon,Rod,,8220210,CORRUPTED,CORRUPTED
Gray,Adam C.,8/13/2024,10062702,CORRUPTED,CORRUPTED
Gray,Adam C.,5/8/2024,8220263,CORRUPTED,CORRUPTED
Green,Al,3/20/2024,8220183,CORRUPTED,CORRUPTED
Greene,Clifford Mark,5/16/2024,40003656,CORRUPTED,CORRUPTED
Greene,Shaun Joseph,5/28/2024,10061988,CORRUPTED,CORRUPTED
Greene-Scott,Marquette,2/4/2024,10056705,CORRUPTED,CORRUPTED
Groves,Ralph,5/14/2024,8220416,CORRUPTED,CORRUPTED
Guarente,Thomas A.,4/11/2024,7926,CORRUPTED,CORRUPTED
Guinchard,Mary Jo-Ann,2/20/2024,10056696,CORRUPTED,CORRUPTED
Gulla,Bruno Richard,5/13/2024,10060533,CORRUPTED,CORRUPTED
Gunderson,Matt,8/9/2024,8220610,CORRUPTED,CORRUPTED
Gunderson,Matt,5/8/2024,30021022,CORRUPTED,CORRUPTED
Gutmann,Andrew,7/13/2024,10060058,CORRUPTED,CORRUPTED
Gutmann,Andrew,5/14/2024,30021252,CORRUPTED,CORRUPTED
Hagg,Chad Francis,5/29/2024,10062029,CORRUPTED,CORRUPTED
Halfhill,Adam Scott,4/2/2024,10056954,CORRUPTED,CORRUPTED
Hall,Barbara Harden,2/1/2024,40003594,CORRUPTED,CORRUPTED
Hall,Barbie Harden,6/15/2024,10062282,CORRUPTED,CORRUPTED
Hall,Donyale London,5/15/2024,10061820,CORRUPTED,CORRUPTED
Hall,Stanley Ralph,5/17/2024,30021883,CORRUPTED,CORRUPTED
Hamadeh,Abraham,5/13/2024,10057706,CORRUPTED,CORRUPTED
Hamilton,Cameron,6/24/2024,10062339,CORRUPTED,CORRUPTED
Hamilton,Cameron,5/15/2024,10061782,CORRUPTED,CORRUPTED
Hamilton,Darren,5/11/2024,10059634,CORRUPTED,CORRUPTED
Hamilton,Michaelangelo Collins,5/15/2024,40003644,CORRUPTED,CORRUPTED
Hamlen,William P.,8/10/2024,10059641,CORRUPTED,CORRUPTED
Hamlen,William P.,5/8/2024,30021101,CORRUPTED,CORRUPTED
Hammer,Trygve,5/15/2024,10059187,CORRUPTED,CORRUPTED
Hanks,Ron,5/6/2024,10059816,CORRUPTED,CORRUPTED
Harbaugh,Michael Robert,5/14/2024,10061342,CORRUPTED,CORRUPTED
Harbour,Joanna,5/1/2024,10059545,CORRUPTED,CORRUPTED
Haridopolos,Mike,7/2/2024,10062298,CORRUPTED,CORRUPTED
Haridopolos,Mike,5/14/2024,8220302,CORRUPTED,CORRUPTED
Harrigan,Pat,5/15/2024,10059788,CORRUPTED,CORRUPTED
Harris,Hampton Scott,4/18/2024,10057690,CORRUPTED,CORRUPTED
Harris,Mark E.,5/14/2024,10060109,CORRUPTED,CORRUPTED
Harris,Shawn,5/15/2024,10061601,CORRUPTED,CORRUPTED
Hartmann,Ray,7/7/2024,10062277,CORRUPTED,CORRUPTED
Hartmann,Ray,5/15/2024,8220363,CORRUPTED,CORRUPTED
Hartmann,Ray,6/18/2024,30022327,CORRUPTED,CORRUPTED
Harvey,Kathryn,10/31/2024,10063066,CORRUPTED,CORRUPTED
Hawkins,Nathaniel Alan,5/7/2024,10060005,CORRUPTED,CORRUPTED
Hayes,James,4/22/2024,10058794,CORRUPTED,CORRUPTED
Hayes,Philip Andrew,5/15/2024,40003651,CORRUPTED,CORRUPTED
Healy,Philip Mark,5/10/2024,10060570,CORRUPTED,CORRUPTED
Heath,Jeremy L.,4/19/2024,10057589,CORRUPTED,CORRUPTED
Hebron,Mike,7/15/2024,40003676,CORRUPTED,CORRUPTED
Heimlich,Phil,4/26/2024,10056982,CORRUPTED,CORRUPTED
Heinzer,Clifford,5/20/2024,10061913,CORRUPTED,CORRUPTED
Helgelien,Elizabeth Nicole,5/15/2024,10061217,CORRUPTED,CORRUPTED
Helmer,Daniel,5/15/2024,10059964,CORRUPTED,CORRUPTED
Hemenway,James Vincent,4/23/2024,7942,CORRUPTED,CORRUPTED
Henley,Anne,2/20/2024,8220167,CORRUPTED,CORRUPTED
Hensel,Bentley Foster,5/16/2024,10061875,CORRUPTED,CORRUPTED
Hensel,Bentley Foster,5/15/2024,10060073,CORRUPTED,CORRUPTED
Herman,Thomas,5/11/2024,10060606,CORRUPTED,CORRUPTED
Hermanson,Devin,5/14/2024,10061221,CORRUPTED,CORRUPTED
Hernandez,Frank,3/4/2024,7922,CORRUPTED,CORRUPTED
Hernandez Rivera,Pablo Jose,8/13/2024,10061791,CORRUPTED,CORRUPTED
Hernandez Rivera,Pablo Jose,5/17/2024,30022151,CORRUPTED,CORRUPTED
Herrell,Stella Yvette,5/15/2024,10060778,CORRUPTED,CORRUPTED
Hertel,Curtis,8/13/2024,10062632,CORRUPTED,CORRUPTED
Hertel,Curtis,5/15/2024,8220364,CORRUPTED,CORRUPTED
Hewett,Don,5/15/2024,10061602,CORRUPTED,CORRUPTED
Hewitt,Patti,3/4/2024,10056847,CORRUPTED,CORRUPTED
Hicks,Justin,5/13/2024,10059270,CORRUPTED,CORRUPTED
Higgins,Brian,4/5/2024,10056951,CORRUPTED,CORRUPTED
Holder,Derrick Ross,2/8/2024,8220158,CORRUPTED,CORRUPTED
Holmes,Thomas Bethune,5/26/2024,10061979,CORRUPTED,CORRUPTED
Holmes,Thomas Bethune,2/5/2024,40003600,CORRUPTED,CORRUPTED
Hood,Ron,2/8/2024,10056667,CORRUPTED,CORRUPTED
Hood,Ron,1/29/2024,30019580,CORRUPTED,CORRUPTED
Hood,Ron,2/12/2024,30019589,CORRUPTED,CORRUPTED
Hook,Kristin A.,5/15/2024,10061526,CORRUPTED,CORRUPTED
Hooper,James D.,9/7/2024,10062891,CORRUPTED,CORRUPTED
Hopkins,Ronnie,8/1/2024,40003678,CORRUPTED,CORRUPTED
Horne,Andrew,7/1/2024,10060675,CORRUPTED,CORRUPTED
Horne,Andrew,5/14/2024,30021539,CORRUPTED,CORRUPTED
Hostettler,John,11/4/2024,10060036,CORRUPTED,CORRUPTED
Houck,Mark Justin,5/15/2024,10061831,CORRUPTED,CORRUPTED
Houlahan,Stephen William,4/19/2024,10058837,CORRUPTED,CORRUPTED
Houlahan,Stephen William,4/19/2024,10057731,CORRUPTED,CORRUPTED
Howe,John Wayne,10/4/2024,10062926,CORRUPTED,CORRUPTED
Howe,John Wayne,10/15/2024,8220668,CORRUPTED,CORRUPTED
Hubbard,Chuck,5/3/2024,10059673,CORRUPTED,CORRUPTED
Hudson,Paul,5/12/2024,10060642,CORRUPTED,CORRUPTED
Hughes,Charles M.,3/12/2024,10056891,CORRUPTED,CORRUPTED
Hurd,Jeffrey S,5/13/2024,10060700,CORRUPTED,CORRUPTED
Hurt,Erik David,2/19/2024,10056758,CORRUPTED,CORRUPTED
Hurtado,Melissa,5/14/2024,7969,CORRUPTED,CORRUPTED
Hutchison,Evan Hale,5/12/2024,10057005,CORRUPTED,CORRUPTED
Hwang,Tom,3/18/2024,10056912,CORRUPTED,CORRUPTED
Iroha,Celeste Chizoba,4/18/2024,10057750,CORRUPTED,CORRUPTED
Isaac,Alexander Hormis,5/14/2024,10060580,CORRUPTED,CORRUPTED
Ivanovskis,Jeremy Daniel,4/18/2024,40003623,CORRUPTED,CORRUPTED
Jack,Brian,10/2/2024,10062980,CORRUPTED,CORRUPTED
Jacque,Andre,5/14/2024,10061135,CORRUPTED,CORRUPTED
Jahn,Lucinda Kwh,5/15/2024,40003645,CORRUPTED,CORRUPTED
Jasser,M. Zuhdi,6/28/2024,10060417,CORRUPTED,CORRUPTED
Jasser,M. Zuhdi,5/14/2024,30021424,CORRUPTED,CORRUPTED
Jayapal,Susheela,5/23/2024,10061973,CORRUPTED,CORRUPTED
Jenkins,Colby C.,5/15/2024,10061440,CORRUPTED,CORRUPTED
Jenkins,David,,8220159,CORRUPTED,CORRUPTED
Johnson,Arthur Wayne,2/23/2024,8220163,CORRUPTED,CORRUPTED
Johnson,Bernard Eugene,8/6/2024,10062636,CORRUPTED,CORRUPTED
Johnson,Bill,4/16/2024,10056805,CORRUPTED,CORRUPTED
Johnson,Bill,2/20/2024,30019614,CORRUPTED,CORRUPTED
Johnson,Drew,7/12/2024,10057752,CORRUPTED,CORRUPTED
Johnson,Julie,8/13/2024,10059677,CORRUPTED,CORRUPTED
Johnson,Julie,5/8/2024,30021107,CORRUPTED,CORRUPTED
Johnson,Sheryl,5/6/2024,10059824,CORRUPTED,CORRUPTED
Johnston,Courtney,6/4/2024,10062049,CORRUPTED,CORRUPTED
Jones,Gian A.,4/19/2024,10057764,CORRUPTED,CORRUPTED
Jones,Marcus,5/14/2024,10059433,CORRUPTED,CORRUPTED
Jones,Mondaire,5/15/2024,10061463,CORRUPTED,CORRUPTED
Jones,Stewart,2/26/2024,10056825,CORRUPTED,CORRUPTED
Joshi,Janak,5/26/2024,10061969,CORRUPTED,CORRUPTED
Joshi,Janak,5/15/2024,10061172,CORRUPTED,CORRUPTED
Joshi,Janak,5/17/2024,30021762,CORRUPTED,CORRUPTED
Joss,Eric E.,6/6/2024,10062136,CORRUPTED,CORRUPTED
Jude,Tad,2/16/2024,8220164,CORRUPTED,CORRUPTED
Judge,James Mr,5/1/2024,10059382,CORRUPTED,CORRUPTED
Junge,Paul,8/17/2024,10060342,CORRUPTED,CORRUPTED
Junge,Paul,5/14/2024,30021381,CORRUPTED,CORRUPTED
Kahrs,Jeff,5/18/2024,10061914,CORRUPTED,CORRUPTED
Kalata,Ryan Michael,5/14/2024,40003643,CORRUPTED,CORRUPTED
Kalata,Ryan Michael,5/14/2024,30021433,CORRUPTED,CORRUPTED
Kale,Andrea Doria,5/1/2024,10059514,CORRUPTED,CORRUPTED
Kane,Caroline,5/10/2024,10060549,CORRUPTED,CORRUPTED
Kangas,Jolian,,8220417,CORRUPTED,CORRUPTED
Kaplan,Anna,4/22/2024,7937,CORRUPTED,CORRUPTED
Kasama,Heidi,7/9/2024,7991,CORRUPTED,CORRUPTED
Kasama,Heidi,5/17/2024,30022157,CORRUPTED,CORRUPTED
Kaufman,Joe,5/15/2024,8220373,CORRUPTED,CORRUPTED
Kaul,Krystle Veda,5/1/2024,8220241,CORRUPTED,CORRUPTED
Kavanaugh,Dominick,4/8/2024,10056945,CORRUPTED,CORRUPTED
Keller,Maura,4/21/2024,10056913,CORRUPTED,CORRUPTED
Kelly,Durand Todd,2/7/2024,10056743,CORRUPTED,CORRUPTED
Kelly,Durand Todd,2/6/2024,10056632,CORRUPTED,CORRUPTED
Kemp,Patricia,7/19/2024,10061141,CORRUPTED,CORRUPTED
Kemp,Patricia,5/17/2024,30021744,CORRUPTED,CORRUPTED
Kennedy,David R.,6/11/2024,10061919,CORRUPTED,CORRUPTED
Kennedy,John Perkins,5/14/2024,7970,CORRUPTED,CORRUPTED
Kennedy,Mike,3/29/2024,10056941,CORRUPTED,CORRUPTED
Kennedy,Sandra Denise,5/15/2024,10061792,CORRUPTED,CORRUPTED
Kennedy,Timothy,6/3/2024,10062077,CORRUPTED,CORRUPTED
Kent,Joseph,5/14/2024,10060803,CORRUPTED,CORRUPTED
Kenworthy,Jon Michael,5/14/2024,7968,CORRUPTED,CORRUPTED
Kerr,Joseph,8/7/2024,10060853,CORRUPTED,CORRUPTED
Kerr,Joseph,5/14/2024,30021627,CORRUPTED,CORRUPTED
Khan,Gulrez,4/23/2024,7943,CORRUPTED,CORRUPTED
Khanna,Rohit,2/5/2024,8220127,CORRUPTED,CORRUPTED
Khanna,Rohit,3/6/2024,8220173,CORRUPTED,CORRUPTED
Khanna,Rohit,4/5/2024,8220192,CORRUPTED,CORRUPTED
Khanna,Rohit,5/6/2024,8220252,CORRUPTED,CORRUPTED
Khanna,Rohit,6/5/2024,8220451,CORRUPTED,CORRUPTED
Khanna,Rohit,7/8/2024,8220534,CORRUPTED,CORRUPTED
Khanna,Rohit,8/7/2024,8220570,CORRUPTED,CORRUPTED
Khanna,Rohit,9/6/2024,8220626,CORRUPTED,CORRUPTED
Khanna,Rohit,10/4/2024,8220660,CORRUPTED,CORRUPTED
Khanna,Rohit,11/8/2024,8220674,CORRUPTED,CORRUPTED
Khanna,Rohit,12/5/2024,8220691,CORRUPTED,CORRUPTED
Kidd,Larry,2/2/2024,10056489,CORRUPTED,CORRUPTED
Kidd,Robert G,9/12/2024,10059116,CORRUPTED,CORRUPTED
Kidd,Robert Gregory,4/30/2024,30020916,CORRUPTED,CORRUPTED
Kilbourn,Kyle,4/20/2024,10058861,CORRUPTED,CORRUPTED
Kim,David,5/15/2024,10061389,CORRUPTED,CORRUPTED
King,Bob,5/5/2024,10059806,CORRUPTED,CORRUPTED
King-Hinds,Kimberlyn Kay,12/9/2024,8220701,CORRUPTED,CORRUPTED
Kirkland,Kyle R.,2/4/2024,10056710,CORRUPTED,CORRUPTED
Kirkland,Kyle R.,2/4/2024,10056706,CORRUPTED,CORRUPTED
Kirkland,Kyle R.,2/7/2024,8220129,CORRUPTED,CORRUPTED
Klee Hood,Sarah,8/13/2024,7994,CORRUPTED,CORRUPTED
Klee Hood,Sarah,4/23/2024,30019835,CORRUPTED,CORRUPTED
Knight,David,2/2/2024,10056699,CORRUPTED,CORRUPTED
Knott,Brad,9/13/2024,10060459,CORRUPTED,CORRUPTED
Knott,Brad,5/14/2024,30021467,CORRUPTED,CORRUPTED
Kraft,Ryan Olivier Christian,4/24/2024,10058986,CORRUPTED,CORRUPTED
Kramer,Anna Cheng,5/11/2024,8220318,CORRUPTED,CORRUPTED
Krautter,Joel,5/15/2024,10061006,CORRUPTED,CORRUPTED
Krebaum,William B.,6/7/2024,40003665,CORRUPTED,CORRUPTED
Kregler,William,5/14/2024,10060388,CORRUPTED,CORRUPTED
Kregler,William,5/14/2024,30021481,CORRUPTED,CORRUPTED
Kreiselmaier,Elizabeth,4/9/2024,8220208,CORRUPTED,CORRUPTED
Kreiselmaier,Elizabeth,,8220211,CORRUPTED,CORRUPTED
Kripchak,Michael L.,2/21/2024,40003605,CORRUPTED,CORRUPTED
Kruttiventi,Vin,5/5/2024,10058942,CORRUPTED,CORRUPTED
Kucinich,Dennis,6/4/2024,10062091,CORRUPTED,CORRUPTED
Kucinich,Dennis,5/15/2024,10061834,CORRUPTED,CORRUPTED
Kulikoff,Kelly,1/22/2024,10056642,CORRUPTED,CORRUPTED
Lamborn,Doug,3/13/2024,8220177,CORRUPTED,CORRUPTED
Lamborn,Doug,4/12/2024,8220205,CORRUPTED,CORRUPTED
Lamborn,Doug,5/15/2024,8220312,CORRUPTED,CORRUPTED
Lamborn,Doug,6/3/2024,8220431,CORRUPTED,CORRUPTED
Lamborn,Doug,8/12/2024,8220589,CORRUPTED,CORRUPTED
Lamborn,Doug,10/23/2024,8220665,CORRUPTED,CORRUPTED
Lamborn,Doug,12/5/2024,8220692,CORRUPTED,CORRUPTED
Lancaster,Jarrad Ray,4/5/2024,8220209,CORRUPTED,CORRUPTED
Lancaster,Jarrad Ray,4/8/2024,40003619,CORRUPTED,CORRUPTED
Lankenau,Steve,5/13/2024,7961,CORRUPTED,CORRUPTED
Lapides,Bennett,5/16/2024,40003655,CORRUPTED,CORRUPTED
LARSEN,FLEMMING  STEEN,5/15/2024,10059440,CORRUPTED,CORRUPTED
Laster,Justin,5/21/2024,10061941,CORRUPTED,CORRUPTED
Latimer,George,6/6/2024,8220476,CORRUPTED,CORRUPTED
Lawrence,Case McKay,6/20/2024,10062317,CORRUPTED,CORRUPTED
Lee,John,5/15/2024,10059348,CORRUPTED,CORRUPTED
Lee Carter,Erica,9/7/2024,10062881,CORRUPTED,CORRUPTED
Leigh,Joseph,5/13/2024,10060856,CORRUPTED,CORRUPTED
Lenard,Willie James,4/19/2024,7936,CORRUPTED,CORRUPTED
Lerner,Kari,2/26/2024,10056816,CORRUPTED,CORRUPTED
Levasseur,Joseph,9/3/2024,10062871,CORRUPTED,CORRUPTED
Levinson,Eric,7/24/2024,10061447,CORRUPTED,CORRUPTED
Levinson,Eric,5/17/2024,30021916,CORRUPTED,CORRUPTED
Lewallen,Leslie,5/14/2024,10061214,CORRUPTED,CORRUPTED
Leyva,Mark J.,7/11/2024,10062436,CORRUPTED,CORRUPTED
Liccardo,Sam T.,5/15/2024,10060033,CORRUPTED,CORRUPTED
Lincoln,Kevin,5/15/2024,10061482,CORRUPTED,CORRUPTED
Lineberger,Ernest Robinson,4/27/2024,10059239,CORRUPTED,CORRUPTED
Lipetri,Mike,4/12/2024,10056999,CORRUPTED,CORRUPTED
Litaker,Robin,5/8/2024,10060176,CORRUPTED,CORRUPTED
Lochner,Jill Andrea,5/12/2024,10060670,CORRUPTED,CORRUPTED
Loesby,Matthew,3/28/2024,40003617,CORRUPTED,CORRUPTED
Logan,George S.,5/15/2024,10061451,CORRUPTED,CORRUPTED
Lopez,Greg,5/20/2024,10061936,CORRUPTED,CORRUPTED
Lopez,Greg,5/12/2024,10060649,CORRUPTED,CORRUPTED
Lopez,Jonathan,3/26/2024,10056933,CORRUPTED,CORRUPTED
Lorenzen,Mark,1/29/2024,10056674,CORRUPTED,CORRUPTED
Lorinser,Bob James,7/1/2024,10062386,CORRUPTED,CORRUPTED
Lou,Bruce C.,5/6/2024,10059810,CORRUPTED,CORRUPTED
Lovelace,Jared Bryant,4/26/2024,10059219,CORRUPTED,CORRUPTED
Lovelace,Jared Bryant,4/26/2024,7949,CORRUPTED,CORRUPTED
Low,Evan,5/14/2024,10060521,CORRUPTED,CORRUPTED
Loyd,Joshua,9/13/2024,10062918,CORRUPTED,CORRUPTED
Lubin,Rob,10/18/2024,10063043,CORRUPTED,CORRUPTED
Lubin,Rob,10/24/2024,8220667,CORRUPTED,CORRUPTED
Lyerly,Kristin,8/8/2024,10060848,CORRUPTED,CORRUPTED
Lyerly,Kristin,5/15/2024,8220384,CORRUPTED,CORRUPTED
Lynch,Christy,9/3/2024,10062873,CORRUPTED,CORRUPTED
Lynch,Mike,5/16/2024,8220322,CORRUPTED,CORRUPTED
Lythcott-Haims,Julie,2/3/2024,10056518,CORRUPTED,CORRUPTED
Lythcott-Haims,Julie,2/7/2024,8220130,CORRUPTED,CORRUPTED
MacEwen,Drew C.,5/8/2024,10060244,CORRUPTED,CORRUPTED
MacGuffie,Robert W.,4/29/2024,10058790,CORRUPTED,CORRUPTED
MacIe,Mara Heather,5/20/2024,10061930,CORRUPTED,CORRUPTED
Mackenzie,Ryan Edward,5/15/2024,10060652,CORRUPTED,CORRUPTED
Mahesh,Kamal Al,4/18/2024,7928,CORRUPTED,CORRUPTED
Malliotakis,Nicole,1/30/2024,8220119,CORRUPTED,CORRUPTED
Malliotakis,Nicole,6/14/2024,8220508,CORRUPTED,CORRUPTED
Mandel,Charles Scott,2/3/2024,10056625,CORRUPTED,CORRUPTED
Mandel,Charles Scott,2/7/2024,8220131,CORRUPTED,CORRUPTED
Mannion,John W.,5/14/2024,10059807,CORRUPTED,CORRUPTED
Mansharamani,Vikram,8/29/2024,8220632,CORRUPTED,CORRUPTED
Mansharamani,Vikram,5/14/2024,30021429,CORRUPTED,CORRUPTED
Manuel,Mel Inari,4/20/2024,10058845,CORRUPTED,CORRUPTED
Marin,Grady,2/23/2024,10056820,CORRUPTED,CORRUPTED
Markey,Michael Jay,5/15/2024,10059717,CORRUPTED,CORRUPTED
Marlinga,Carl J.,5/7/2024,10060060,CORRUPTED,CORRUPTED
Marshall,Erin,4/22/2024,10056849,CORRUPTED,CORRUPTED
Marter,James Thomas,5/13/2024,10056991,CORRUPTED,CORRUPTED
Martin,Maria Eugenia,4/9/2024,10056973,CORRUPTED,CORRUPTED
Masters,Blake,6/29/2024,10061566,CORRUPTED,CORRUPTED
Masters,Blake,5/17/2024,30021979,CORRUPTED,CORRUPTED
Matveyuk,Sergei,5/14/2024,10060645,CORRUPTED,CORRUPTED
May,Pam,11/14/2024,10063108,CORRUPTED,CORRUPTED
Maycumber,Jacquelin,5/14/2024,10060955,CORRUPTED,CORRUPTED
Mayfield,Darius,5/5/2024,10059770,CORRUPTED,CORRUPTED
McBride,Sarah Elizabeth,5/14/2024,10061266,CORRUPTED,CORRUPTED
McCaffree,Mike,7/5/2024,10062404,CORRUPTED,CORRUPTED
McCaffree,Mike,5/14/2024,40003642,CORRUPTED,CORRUPTED
McCarthy,Kevin,1/24/2024,10056584,CORRUPTED,CORRUPTED
McCaul,Michael T.,2/13/2024,8220162,CORRUPTED,CORRUPTED
McCaul,Michael T.,3/15/2024,8220188,CORRUPTED,CORRUPTED
McCaul,Michael T.,4/16/2024,8220214,CORRUPTED,CORRUPTED
McCaul,Michael T.,5/11/2024,8220320,CORRUPTED,CORRUPTED
McCaul,Michael T.,6/13/2024,8220516,CORRUPTED,CORRUPTED
McCaul,Michael T.,7/22/2024,8220551,CORRUPTED,CORRUPTED
McCaul,Michael T.,8/15/2024,8220615,CORRUPTED,CORRUPTED
McCaul,Michael T.,9/16/2024,8220643,CORRUPTED,CORRUPTED
McCaul,Michael T.,10/10/2024,8220661,CORRUPTED,CORRUPTED
McCaul,Michael T.,11/12/2024,8220685,CORRUPTED,CORRUPTED
McCloy,John,5/15/2024,10060520,CORRUPTED,CORRUPTED
McConkey,Josh,8/24/2024,10060442,CORRUPTED,CORRUPTED
McConkey,Josh,5/14/2024,30021440,CORRUPTED,CORRUPTED
McCorkle,Isaac Ian,5/23/2024,10061943,CORRUPTED,CORRUPTED
McCrackin,Curtis M.,5/15/2024,10061633,CORRUPTED,CORRUPTED
McDonald Rivet,Kristen,7/5/2024,10061233,CORRUPTED,CORRUPTED
McDonald Rivet,Kristen,5/17/2024,30021797,CORRUPTED,CORRUPTED
McDow,Daniel,5/5/2024,10059383,CORRUPTED,CORRUPTED
McDowell,Addison,5/13/2024,10060851,CORRUPTED,CORRUPTED
McDowell,Jan,4/22/2024,7939,CORRUPTED,CORRUPTED
McFarlane,Walter James,8/11/2024,10062695,CORRUPTED,CORRUPTED
McGovern,Jay Joseph,5/16/2024,10061883,CORRUPTED,CORRUPTED
McGowan,Angelynn Brooke,1/18/2024,10056627,CORRUPTED,CORRUPTED
McGowan,Angelynn Brooke,1/17/2024,10056621,CORRUPTED,CORRUPTED
McGraw,Joe,5/5/2024,10059782,CORRUPTED,CORRUPTED
McIver,LaMonica,12/12/2024,10062083,CORRUPTED,CORRUPTED
McLeod-Skinner,Jamie Eng,5/24/2024,10061976,CORRUPTED,CORRUPTED
McNeal,Justin Shad Mr,4/23/2024,10056637,CORRUPTED,CORRUPTED
McNeal,Justin Shad Mr,1/23/2024,30019576,CORRUPTED,CORRUPTED
Medina,Ronald Razon,5/15/2024,10061615,CORRUPTED,CORRUPTED
Meeks Milojevich,Janai,2/18/2024,10056796,CORRUPTED,CORRUPTED
Mehta,Leslie,4/9/2024,10056635,CORRUPTED,CORRUPTED
Mehta,Leslie,1/23/2024,30019575,CORRUPTED,CORRUPTED
Melendez,Jose E.,2/9/2024,8220141,CORRUPTED,CORRUPTED
Melius,Shana,6/4/2024,10062074,CORRUPTED,CORRUPTED
Melvoin,Nick,5/15/2024,7972,CORRUPTED,CORRUPTED
Mendoza,Jesus David,5/13/2024,10060890,CORRUPTED,CORRUPTED
Mercuri,Robert W.,5/15/2024,10059167,CORRUPTED,CORRUPTED
Merrin,Derek,2/18/2024,10056588,CORRUPTED,CORRUPTED
Merrin,Derek,1/29/2024,30019579,CORRUPTED,CORRUPTED
Messmer,Mark,4/7/2024,10056838,CORRUPTED,CORRUPTED
Meyer,Joe,10/18/2024,40003692,CORRUPTED,CORRUPTED
Mikhlin,Artur Anton,11/4/2024,10063079,CORRUPTED,CORRUPTED
Miller,Trent,6/14/2024,10062274,CORRUPTED,CORRUPTED
Milleron,Nadia D.,5/15/2024,10060854,CORRUPTED,CORRUPTED
Min,Dave,8/9/2024,10059789,CORRUPTED,CORRUPTED
Min,David,5/17/2024,30021763,CORRUPTED,CORRUPTED
Mink,Austin James,6/26/2024,40003673,CORRUPTED,CORRUPTED
Miskus,Dakotah,7/2/2024,10062391,CORRUPTED,CORRUPTED
Mitchell,Christopher Douglas,5/15/2024,10061757,CORRUPTED,CORRUPTED
Mitchell,Ken,6/18/2024,10062303,CORRUPTED,CORRUPTED
Mohan,Rajesh,5/3/2024,10056890,CORRUPTED,CORRUPTED
Monhollen,Brandon,2/2/2024,10056701,CORRUPTED,CORRUPTED
Montanez Berrios (Dmb),Deliris,5/15/2024,10061618,CORRUPTED,CORRUPTED
Montavon,Matthew,5/13/2024,10060734,CORRUPTED,CORRUPTED
Moon,Clifford E.,5/9/2024,10060340,CORRUPTED,CORRUPTED
Moore,Michael B.,9/10/2024,10058813,CORRUPTED,CORRUPTED
Moore,Michael B.,4/30/2024,30020913,CORRUPTED,CORRUPTED
Moore,Riley,5/29/2024,10062012,CORRUPTED,CORRUPTED
Moore,Riley,5/15/2024,8220394,CORRUPTED,CORRUPTED
Moore,Tim,5/15/2024,10059443,CORRUPTED,CORRUPTED
Morales,Eduardo,5/8/2024,30021084,CORRUPTED,CORRUPTED
Morales,Jesus Andy,4/18/2024,10057705,CORRUPTED,CORRUPTED
Morgan,Adam,5/22/2024,10061946,CORRUPTED,CORRUPTED
Morrison,Kelly Louise,8/13/2024,10060026,CORRUPTED,CORRUPTED
Morrison,Kelly Louise,5/14/2024,8220294,CORRUPTED,CORRUPTED
Morse,Andrea S.,7/22/2024,10062512,CORRUPTED,CORRUPTED
Morse,Andrea S.,7/14/2024,10062442,CORRUPTED,CORRUPTED
Morse,Jessica,5/9/2024,10059041,CORRUPTED,CORRUPTED
Moss,Richard,4/7/2024,10056904,CORRUPTED,CORRUPTED
Moss,Richard,2/21/2024,30019611,CORRUPTED,CORRUPTED
Muir,Brendan,6/19/2024,10062311,CORRUPTED,CORRUPTED
Munn,John,5/3/2024,10058981,CORRUPTED,CORRUPTED
Murphy,Michael Anthony,5/27/2024,10061982,CORRUPTED,CORRUPTED
Murphy,Michael Anthony,5/26/2024,10059870,CORRUPTED,CORRUPTED
Nasar,Ahsan,5/13/2024,10060869,CORRUPTED,CORRUPTED
Neill,Reilly,10/31/2024,10062999,CORRUPTED,CORRUPTED
Nembhard,Travis,5/15/2024,10060979,CORRUPTED,CORRUPTED
Nez,Jonathan Michael,5/15/2024,10060105,CORRUPTED,CORRUPTED
Nichelson,Larry,3/8/2024,40003615,CORRUPTED,CORRUPTED
Niemeyer,Randell C.,5/14/2024,10057741,CORRUPTED,CORRUPTED
Nieves,Austin P.,5/13/2024,10060707,CORRUPTED,CORRUPTED
Nouri,Preston,8/13/2024,10060149,CORRUPTED,CORRUPTED
Nouri,Preston,5/14/2024,30021291,CORRUPTED,CORRUPTED
Noveletsky,Hollie T.,8/10/2024,10057695,CORRUPTED,CORRUPTED
Noveletsky,Hollie T.,4/23/2024,30019821,CORRUPTED,CORRUPTED
Nunnally,Simeon,7/16/2024,30022396,CORRUPTED,CORRUPTED
Nytes,Aaron,4/18/2024,40003624,CORRUPTED,CORRUPTED
O'Brien,Michael James,4/25/2024,7948,CORRUPTED,CORRUPTED
O'Brien,Michael James,4/23/2024,30019820,CORRUPTED,CORRUPTED
O'Connell,Austin Luther,5/13/2024,10060740,CORRUPTED,CORRUPTED
Oddo,Joseph,5/15/2024,40003649,CORRUPTED,CORRUPTED
O'Donnell,Marty,5/12/2024,10059729,CORRUPTED,CORRUPTED
O'Hara,Tim,2/18/2024,10056590,CORRUPTED,CORRUPTED
Olszewski,Johnny Anthony,4/6/2024,10056884,CORRUPTED,CORRUPTED
Onder,Robert For,7/7/2024,10060396,CORRUPTED,CORRUPTED
Onder,Robert For,5/14/2024,30021415,CORRUPTED,CORRUPTED
Orr,Patrick,2/21/2024,10056806,CORRUPTED,CORRUPTED
Orwig,Teresa,4/14/2024,10056977,CORRUPTED,CORRUPTED
Owen,Peter,4/29/2024,7951,CORRUPTED,CORRUPTED
Padora,John J.,5/3/2024,10059732,CORRUPTED,CORRUPTED
Pan,David,5/12/2024,10060418,CORRUPTED,CORRUPTED
Parrott,Neil Conrad,4/19/2024,10058770,CORRUPTED,CORRUPTED
Pastorius,David A.,2/29/2024,40003611,CORRUPTED,CORRUPTED
Patel,Bhavini,5/17/2024,30022171,CORRUPTED,CORRUPTED
Paulina Luna,Anna,1/29/2024,8220118,CORRUPTED,CORRUPTED
Pautsch,David Alfred,5/9/2024,10060412,CORRUPTED,CORRUPTED
Pennie,Demetrick Tre Dr,4/25/2024,10059181,CORRUPTED,CORRUPTED
Perelman,Jennifer Pilchick,7/13/2024,10062406,CORRUPTED,CORRUPTED
Perelman,Jennifer Pilchick,5/1/2024,8220244,CORRUPTED,CORRUPTED
Perras,Brian,4/12/2024,10057000,CORRUPTED,CORRUPTED
Peters,John,4/19/2024,10058839,CORRUPTED,CORRUPTED
Peterson,Timothy L.,5/13/2024,10059946,CORRUPTED,CORRUPTED
Pfenninger,Ryan Seth,4/5/2024,8220199,CORRUPTED,CORRUPTED
Phelen,Christopher David,5/28/2024,7982,CORRUPTED,CORRUPTED
Phelen,Christopher David,5/17/2024,30022153,CORRUPTED,CORRUPTED
Phillips,Dean,1/30/2024,8220117,CORRUPTED,CORRUPTED
Phillips,Dean,4/26/2024,8220232,CORRUPTED,CORRUPTED
Phillips,Dean,7/23/2024,8220560,CORRUPTED,CORRUPTED
Phillips,Dean,10/15/2024,8220662,CORRUPTED,CORRUPTED
Pickard,Ronald,6/17/2024,10062075,CORRUPTED,CORRUPTED
Pickett,Deborah A.,9/24/2024,10062960,CORRUPTED,CORRUPTED
Piper,Mark,7/17/2024,10062486,CORRUPTED,CORRUPTED
Pivnick,Lawrence Allen,8/15/2024,8220622,CORRUPTED,CORRUPTED
Pombo,Tony J,3/19/2024,10056875,CORRUPTED,CORRUPTED
Pons,Michael Louis,5/13/2024,10060753,CORRUPTED,CORRUPTED
Portantino,Anthony,5/5/2024,10059797,CORRUPTED,CORRUPTED
Pou,Nelida,9/24/2024,10062958,CORRUPTED,CORRUPTED
Powell,Rhonda M.,5/15/2024,10061624,CORRUPTED,CORRUPTED
Prabhudoss,John,1/25/2024,10056641,CORRUPTED,CORRUPTED
Prescott,Russell,5/15/2024,10061370,CORRUPTED,CORRUPTED
Propst,Edwin Kenneth,6/11/2024,10061007,CORRUPTED,CORRUPTED
Propst,Edwin Kenneth,5/17/2024,30021678,CORRUPTED,CORRUPTED
Pruett,Dasha,2/22/2024,10056666,CORRUPTED,CORRUPTED
Puffett,Jody Marie,9/5/2024,10062879,CORRUPTED,CORRUPTED
Puffett,Jody Marie,9/7/2024,8220633,CORRUPTED,CORRUPTED
Pugh,Pamela L.,5/15/2024,10060667,CORRUPTED,CORRUPTED
Qarni,Atif,4/29/2024,10059286,CORRUPTED,CORRUPTED
Quinones,John,5/15/2024,10061542,CORRUPTED,CORRUPTED
Raatz,Jeff,4/5/2024,10056929,CORRUPTED,CORRUPTED
Rahm,Tayler,6/14/2024,10062265,CORRUPTED,CORRUPTED
Rahm,Tayler,5/15/2024,8220399,CORRUPTED,CORRUPTED
Ramirez Morales,Viviana,4/11/2024,40003621,CORRUPTED,CORRUPTED
Randall,Emily,5/17/2024,10061902,CORRUPTED,CORRUPTED
Ratevosian,Jirair,4/24/2024,7945,CORRUPTED,CORRUPTED
Reagan,Joseph F.,5/15/2024,10061629,CORRUPTED,CORRUPTED
Recile,Rudy,6/11/2024,10060163,CORRUPTED,CORRUPTED
Recile,Rudy,5/14/2024,30021301,CORRUPTED,CORRUPTED
Reddy,Prasanth,8/20/2024,10059385,CORRUPTED,CORRUPTED
Reddy,Venkataprasanth,5/8/2024,30021007,CORRUPTED,CORRUPTED
Reeves,Jay,3/2/2024,10056851,CORRUPTED,CORRUPTED
Rehberg,Denny,5/6/2024,10056925,CORRUPTED,CORRUPTED
Rice,Mark,5/13/2024,10057722,CORRUPTED,CORRUPTED
Richmond,Quinn Lamar,2/23/2024,10056819,CORRUPTED,CORRUPTED
Riley,Cheryl,4/13/2024,10057007,CORRUPTED,CORRUPTED
Riley,Josh,8/13/2024,10060133,CORRUPTED,CORRUPTED
Riley,Josh,5/14/2024,30021282,CORRUPTED,CORRUPTED
Riley,Paul,5/14/2024,10061114,CORRUPTED,CORRUPTED
Rivas,Luz,6/13/2024,10061170,CORRUPTED,CORRUPTED
Rivas,Luz,5/17/2024,30021760,CORRUPTED,CORRUPTED
Robertson,Mark,5/13/2024,10060816,CORRUPTED,CORRUPTED
Robinson,Roger David,5/31/2024,10062064,CORRUPTED,CORRUPTED
Rochford,Robert Anthony,7/8/2024,10061504,CORRUPTED,CORRUPTED
Rochford,Robert Anthony,5/17/2024,30021937,CORRUPTED,CORRUPTED
Rochford,Robert Anthony,6/18/2024,30022323,CORRUPTED,CORRUPTED
Rodriguez,Antonio,5/13/2024,10060710,CORRUPTED,CORRUPTED
Rogers,Evelyn L (Louise),4/15/2024,10057421,CORRUPTED,CORRUPTED
Rogers,Evelyn L (Louise),4/22/2024,8220238,CORRUPTED,CORRUPTED
Rogers,Evelyn L (Louise),4/22/2024,8220235,CORRUPTED,CORRUPTED
Rogers,Evelyn L (Louise),,8220562,CORRUPTED,CORRUPTED
Rogers,Harold Dallas,2/20/2024,8220155,CORRUPTED,CORRUPTED
Rogers,Harold Dallas,3/13/2024,8220176,CORRUPTED,CORRUPTED
Rogers,Harold Dallas,4/10/2024,8220203,CORRUPTED,CORRUPTED
Rogers,Harold Dallas,5/9/2024,8220271,CORRUPTED,CORRUPTED
Rogers,Harold Dallas,6/26/2024,8220529,CORRUPTED,CORRUPTED
Rogers,Harold Dallas,7/10/2024,8220536,CORRUPTED,CORRUPTED
Rogers,Harold Dallas,8/1/2024,8220567,CORRUPTED,CORRUPTED
Rogers,Harold Dallas,9/11/2024,8220628,CORRUPTED,CORRUPTED
Rogers,Harold Dallas,11/1/2024,8220672,CORRUPTED,CORRUPTED
Rogers,Harold Dallas,12/5/2024,8220695,CORRUPTED,CORRUPTED
Rollins,Will,5/28/2024,10060090,CORRUPTED,CORRUPTED
Rollins,Will,5/14/2024,30021271,CORRUPTED,CORRUPTED
Rosario,Angelina Sigala,11/15/2024,10063110,CORRUPTED,CORRUPTED
Rossi,Aidan Patrick Mr,7/9/2024,30022351,CORRUPTED,CORRUPTED
Roth,Roger James,5/15/2024,10061111,CORRUPTED,CORRUPTED
Rubin,Joel Martin,4/23/2024,7944,CORRUPTED,CORRUPTED
Ruby,Daniel,4/6/2024,10056975,CORRUPTED,CORRUPTED
Rudd,Shauna,6/26/2024,10062357,CORRUPTED,CORRUPTED
Rudow,Caleb,5/17/2024,10059316,CORRUPTED,CORRUPTED
Ruiz,Ben Ben,7/11/2024,10062444,CORRUPTED,CORRUPTED
Runkel,Cheryl Ann,4/29/2024,10059256,CORRUPTED,CORRUPTED
Sabatini,Anthony,5/22/2024,10061951,CORRUPTED,CORRUPTED
Sadwick,Gregg Anthony,5/14/2024,10060984,CORRUPTED,CORRUPTED
Salas,Rudy,8/13/2024,10060812,CORRUPTED,CORRUPTED
Salas,Rudy,5/14/2024,30021609,CORRUPTED,CORRUPTED
Salerno,Joe,8/4/2024,10060082,CORRUPTED,CORRUPTED
Salerno,Joe,5/14/2024,30021270,CORRUPTED,CORRUPTED
Sanders,Mark David Garcia,5/13/2024,10060982,CORRUPTED,CORRUPTED
Sauers,John,3/16/2024,10056908,CORRUPTED,CORRUPTED
Saul,Joshua,5/16/2024,10061849,CORRUPTED,CORRUPTED
Saul,Joshua,5/17/2024,30022181,CORRUPTED,CORRUPTED
Saulie-Rohman,John,5/13/2024,8220387,CORRUPTED,CORRUPTED
Schaefer,Kurt,5/14/2024,10056995,CORRUPTED,CORRUPTED
Schaffner,Katrina,4/25/2024,10059176,CORRUPTED,CORRUPTED
Schkeeper,Brian,5/16/2024,10061188,CORRUPTED,CORRUPTED
Schmidt,Derek,7/6/2024,10060171,CORRUPTED,CORRUPTED
Schmidt,Derek,5/14/2024,30021305,CORRUPTED,CORRUPTED
Schmitz,John Palmer,7/1/2024,10062371,CORRUPTED,CORRUPTED
Schoengood,Sarah,5/29/2024,10062031,CORRUPTED,CORRUPTED
Schultz,Jennifer,9/4/2024,10062882,CORRUPTED,CORRUPTED
Schultz,Jennifer,9/2/2024,10062872,CORRUPTED,CORRUPTED
Schwartz,Dan,5/10/2024,10056777,CORRUPTED,CORRUPTED
Schwartz,Dan,2/21/2024,30019608,CORRUPTED,CORRUPTED
Scott,Justin Nathaniel,4/4/2024,10056965,CORRUPTED,CORRUPTED
Sebesta,Mark William,7/24/2024,10062530,CORRUPTED,CORRUPTED
Sein,Edward Upton,4/26/2024,8220251,CORRUPTED,CORRUPTED
Sessler,Jerrod,4/23/2024,10058989,CORRUPTED,CORRUPTED
Sewell,Briana,5/14/2024,10059478,CORRUPTED,CORRUPTED
Shah,Amish,9/17/2024,10062930,CORRUPTED,CORRUPTED
Shankland,Katrina,5/15/2024,10061844,CORRUPTED,CORRUPTED
Shankland,Katrina,5/13/2024,10059364,CORRUPTED,CORRUPTED
Shea,Cornelius,8/22/2024,40003686,CORRUPTED,CORRUPTED
Sheridan,Timothy J.,5/14/2024,7965,CORRUPTED,CORRUPTED
Sherrill,Peter W.,5/25/2024,10061048,CORRUPTED,CORRUPTED
Sherrill,Peter W.,5/17/2024,30021694,CORRUPTED,CORRUPTED
Sheth,Nirav,5/2/2024,10059626,CORRUPTED,CORRUPTED
Shreve,Jefferson,4/5/2024,10056944,CORRUPTED,CORRUPTED
Silva,Mary,7/14/2024,10059880,CORRUPTED,CORRUPTED
Silva,Mary,5/15/2024,8220405,CORRUPTED,CORRUPTED
Silva,Thomas W.,5/1/2024,10059531,CORRUPTED,CORRUPTED
Simon,Fred Joseph,5/5/2024,10059767,CORRUPTED,CORRUPTED
Simon,Lateefah,6/14/2024,10060189,CORRUPTED,CORRUPTED
Simon,Lateefah,5/14/2024,30021309,CORRUPTED,CORRUPTED
Singleton,Phillip,5/20/2024,10061922,CORRUPTED,CORRUPTED
Sitka,John,5/14/2024,10061230,CORRUPTED,CORRUPTED
Sitka,John,5/14/2024,10061128,CORRUPTED,CORRUPTED
Smiley,Heather,8/6/2024,40003681,CORRUPTED,CORRUPTED
Smiley,Tiffany,7/7/2024,10062084,CORRUPTED,CORRUPTED
Smiley,Tiffany,6/12/2024,30022279,CORRUPTED,CORRUPTED
Smith,Kasandra L.,6/26/2024,10062310,CORRUPTED,CORRUPTED
Smith,Kasandra L.,6/12/2024,8220525,CORRUPTED,CORRUPTED
Smith,Sandy,6/17/2024,7987,CORRUPTED,CORRUPTED
Smith,Tim,7/6/2024,10062407,CORRUPTED,CORRUPTED
Sobocinski,Gregory,5/17/2024,30021879,CORRUPTED,CORRUPTED
Soboleski,Mike,5/10/2024,10060054,CORRUPTED,CORRUPTED
Somberg,Nicholas,5/14/2024,10061134,CORRUPTED,CORRUPTED
Song,George,5/13/2024,10060181,CORRUPTED,CORRUPTED
Sonza,Orlando,5/11/2024,10060611,CORRUPTED,CORRUPTED
Speedy,Mike,4/6/2024,10056963,CORRUPTED,CORRUPTED
Speedy,Mike,2/7/2024,8220132,CORRUPTED,CORRUPTED
St Mosley,Clinton,5/11/2024,10059718,CORRUPTED,CORRUPTED
Stamper,Katy L.,5/9/2024,10060357,CORRUPTED,CORRUPTED
Stamper,Katy L.,4/21/2024,10057737,CORRUPTED,CORRUPTED
Steinberger,Robert J.,4/19/2024,10056981,CORRUPTED,CORRUPTED
Stelson,Janelle,8/12/2024,10058823,CORRUPTED,CORRUPTED
Stelson,Janelle,5/14/2024,30021350,CORRUPTED,CORRUPTED
Stephens,Shannon Emily,1/30/2024,8220144,CORRUPTED,CORRUPTED
Stockton,James D.,6/26/2024,10062087,CORRUPTED,CORRUPTED
Subramanyam,Suhas,11/22/2024,10063124,CORRUPTED,CORRUPTED
Summerlin,Sadi,8/13/2024,40003682,CORRUPTED,CORRUPTED
Swain,Alan D.,1/17/2024,10056618,CORRUPTED,CORRUPTED
Swartz,Jessica,5/3/2024,10059325,CORRUPTED,CORRUPTED
Sykes,Jeffrey,2/16/2024,40003602,CORRUPTED,CORRUPTED
Sykes,Jeffrey,2/12/2024,30019591,CORRUPTED,CORRUPTED
Tanaka,Greg Lin,1/22/2024,40003590,CORRUPTED,CORRUPTED
Taylor,David,8/13/2024,10058789,CORRUPTED,CORRUPTED
Taylor,David,4/23/2024,30020843,CORRUPTED,CORRUPTED
Teehee,Kimberly  Theotokos,6/14/2024,10062278,CORRUPTED,CORRUPTED
Teirab,Joe,5/15/2024,10061490,CORRUPTED,CORRUPTED
Templeton,Catherine,5/13/2024,10060750,CORRUPTED,CORRUPTED
Teran,Raquel,6/15/2024,10062211,CORRUPTED,CORRUPTED
Terry,Gary,5/14/2024,10060261,CORRUPTED,CORRUPTED
Thelusca,Joe,6/11/2024,10060156,CORRUPTED,CORRUPTED
Thelusca,Joe,5/14/2024,30021298,CORRUPTED,CORRUPTED
Theriault,Austin Leo,5/10/2024,10060453,CORRUPTED,CORRUPTED
Thiam,Brenda J.,5/16/2024,10057740,CORRUPTED,CORRUPTED
Titley,Bob R.,10/1/2024,10062987,CORRUPTED,CORRUPTED
Todd,Chester,8/3/2024,10062608,CORRUPTED,CORRUPTED
Todd,Mary,3/2/2024,10056850,CORRUPTED,CORRUPTED
Todd,Terris Eugene,4/18/2024,10056958,CORRUPTED,CORRUPTED
Toma,Ben,5/15/2024,10061787,CORRUPTED,CORRUPTED
Torres,Jerry,5/9/2024,10060309,CORRUPTED,CORRUPTED
Tran,Derek,8/9/2024,10057704,CORRUPTED,CORRUPTED
Tran,Derek,4/23/2024,30019823,CORRUPTED,CORRUPTED
Tranel,Monica,5/15/2024,10061153,CORRUPTED,CORRUPTED
Tsai,Rick,1/22/2024,10056595,CORRUPTED,CORRUPTED
Tupa,Ronald,4/29/2024,10059279,CORRUPTED,CORRUPTED
Urban,Libbi Deann,6/13/2024,10062061,CORRUPTED,CORRUPTED
Valentino,Gene,12/12/2024,8220703,CORRUPTED,CORRUPTED
Valimont,Gay,5/15/2024,10061413,CORRUPTED,CORRUPTED
Vallejo,Michelle,5/15/2024,10061832,CORRUPTED,CORRUPTED
Vallien,Michael,9/11/2024,10062904,CORRUPTED,CORRUPTED
Van Ostern,Kevin Colin,8/11/2024,10062551,CORRUPTED,CORRUPTED
Van Ostern,Kevin Colin,5/14/2024,8220303,CORRUPTED,CORRUPTED
Vance,Michael,8/2/2024,8220571,CORRUPTED,CORRUPTED
Varela,Stephen A.,5/15/2024,10061110,CORRUPTED,CORRUPTED
Varela,Stephen A.,5/17/2024,30021727,CORRUPTED,CORRUPTED
Vargas,Anthony 'Tony',8/13/2024,10059308,CORRUPTED,CORRUPTED
Vargas,Anthony 'Tony',4/30/2024,30020992,CORRUPTED,CORRUPTED
Vartan,Gregory,5/14/2024,10060903,CORRUPTED,CORRUPTED
Vazquez,Rudy Kassime,5/28/2024,40003659,CORRUPTED,CORRUPTED
Vega,Jose David,3/4/2024,10056742,CORRUPTED,CORRUPTED
Vera,Lalo,5/15/2024,10061846,CORRUPTED,CORRUPTED
Vera,Lalo,3/25/2024,10056928,CORRUPTED,CORRUPTED
Villafane Ramos,William Ely,5/5/2024,10057754,CORRUPTED,CORRUPTED
Villarreal Rigney,John,2/4/2024,10056644,CORRUPTED,CORRUPTED
Vindman,Yevgeny 'Eugene',8/13/2024,10057709,CORRUPTED,CORRUPTED
Vindman,Yevgeny 'Eugene',4/23/2024,30019825,CORRUPTED,CORRUPTED
Vine,Melissa,5/15/2024,10061368,CORRUPTED,CORRUPTED
Virgil,Kevin,5/11/2024,10056859,CORRUPTED,CORRUPTED
Wagenhauser,David,5/8/2024,10060160,CORRUPTED,CORRUPTED
Wagner,Paul Michael,7/9/2024,10062428,CORRUPTED,CORRUPTED
Wagner,Paul Michael,5/14/2024,40003641,CORRUPTED,CORRUPTED
Walbridge,Brian,5/8/2024,10060104,CORRUPTED,CORRUPTED
Walker,Christopher,3/10/2024,10056655,CORRUPTED,CORRUPTED
Walker,Christopher,1/29/2024,30019578,CORRUPTED,CORRUPTED
Walker,Edward Alan,5/3/2024,10059722,CORRUPTED,CORRUPTED
Walleck,Connor,8/31/2024,10062870,CORRUPTED,CORRUPTED
Warren,Darren,2/22/2024,40003607,CORRUPTED,CORRUPTED
Washburn,Amy Irene,4/18/2024,10057712,CORRUPTED,CORRUPTED
Waters,Dom,,8220146,CORRUPTED,CORRUPTED
Waters,Mary,5/17/2024,30021827,CORRUPTED,CORRUPTED
Watson,Annette,5/6/2024,8220307,CORRUPTED,CORRUPTED
Weatherford,Dorothy La'Tanya,8/27/2024,10062830,CORRUPTED,CORRUPTED
Weinkrantz,Mark,5/14/2024,10061151,CORRUPTED,CORRUPTED
Weinroth,Robert S.,7/12/2024,10059740,CORRUPTED,CORRUPTED
Weinroth,Robert S.,5/8/2024,30021128,CORRUPTED,CORRUPTED
Welde,Matthew Brady,7/16/2024,10060256,CORRUPTED,CORRUPTED
Welde,Matthew Brady,5/14/2024,30021340,CORRUPTED,CORRUPTED
Welzer,Steven,4/5/2024,10056967,CORRUPTED,CORRUPTED
Whalen,Eric,5/17/2024,30021847,CORRUPTED,CORRUPTED
Whalen,John J.,11/14/2024,8220687,CORRUPTED,CORRUPTED
Whitesides,George,8/9/2024,8220611,CORRUPTED,CORRUPTED
Whitesides,George,5/14/2024,8220284,CORRUPTED,CORRUPTED
Whitley,Rebecca G.,5/17/2024,30021843,CORRUPTED,CORRUPTED
Wied,Tony,7/12/2024,10059795,CORRUPTED,CORRUPTED
Wied,Tony,12/12/2024,8220698,CORRUPTED,CORRUPTED
Wied,Tony,5/8/2024,30021133,CORRUPTED,CORRUPTED
Wildes,Michael,5/9/2024,8220314,CORRUPTED,CORRUPTED
Wilkin,Shane,2/18/2024,10056794,CORRUPTED,CORRUPTED
Wilkin,Shane,1/18/2024,8220116,CORRUPTED,CORRUPTED
Wilkin,Shane,2/7/2024,8220133,CORRUPTED,CORRUPTED
Wilkinson,Margarita,4/25/2024,7947,CORRUPTED,CORRUPTED
Williams,David,5/25/2024,10059678,CORRUPTED,CORRUPTED
Williams,David,5/8/2024,30021108,CORRUPTED,CORRUPTED
Williams,Lily Tang,9/13/2024,10062916,CORRUPTED,CORRUPTED
Williams,Lily Tang,9/13/2024,10062909,CORRUPTED,CORRUPTED
Wilson,J.D.,7/5/2024,10061560,CORRUPTED,CORRUPTED
Wilson,J.D.,5/17/2024,30021975,CORRUPTED,CORRUPTED
Wimberly,Benjie E.,10/4/2024,10063001,CORRUPTED,CORRUPTED
Wirth,Cynthia,5/14/2024,10060602,CORRUPTED,CORRUPTED
Withrow,Adam Joseph,5/9/2024,40003636,CORRUPTED,CORRUPTED
Witkop,Thomas,3/4/2024,10056855,CORRUPTED,CORRUPTED
Wittrock,Quentin,,8220309,CORRUPTED,CORRUPTED
Woodward,Nathaniel E.,8/13/2024,40003683,CORRUPTED,CORRUPTED
Woodward,Rhonda,5/24/2024,10061971,CORRUPTED,CORRUPTED
Wooten,Duane M.,5/14/2024,10061044,CORRUPTED,CORRUPTED
Wright,Glenn J.,4/22/2024,10058833,CORRUPTED,CORRUPTED
Wright,Steven William,5/12/2024,10060640,CORRUPTED,CORRUPTED
Xiong,May Lor,5/13/2024,10060900,CORRUPTED,CORRUPTED
Xiong,May Lor,5/13/2024,10060893,CORRUPTED,CORRUPTED
Yarbrough,Calil Antwoin D'Sean,4/18/2024,7927,CORRUPTED,CORRUPTED
Young,Bill,6/8/2024,10062165,CORRUPTED,CORRUPTED
Young,Diane,5/14/2024,8220296,CORRUPTED,CORRUPTED
Young,Geoffrey M.,4/5/2024,8220237,CORRUPTED,CORRUPTED
Young,Rubin Mr,4/23/2024,30019826,CORRUPTED,CORRUPTED
Yu,Peter,1/31/2024,10056687,CORRUPTED,CORRUPTED
Yu,Peter,1/28/2024,10056654,CORRUPTED,CORRUPTED
Zarbano,John,5/8/2024,8220315,CORRUPTED,CORRUPTED
Zinn,Stacy,5/15/2024,10061149,CORRUPTED,CORRUPTED
